GPA_S1,Age_group,LAB_AVG,CLIN_AVG,Study_hrs_day,Sleep_hrs,Adequate supervision,Self-motivates,Programme prepares for career,Financial_diff,CA_AVG,Takes rest breaks,Concentration in self-study,Manages time effectively,Persists when difficult,Physical health affected,Lecturers approachable,Self_risk_percep,ATT_RATE,Sleep affects concentration,Peer study groups effective,Seeks help when stuck,EXAM_AVG,Hopeless/unmotivated,Sense of belonging,Gender,Completes readings,Burnt out,Clinical takes study time,Can improve performance,Health interferes studies,Employment_hrs,Takes organised notes,Early intervention provided,Participates in clubs,Confident in clinical skills,Anxious about assessments,Regular exercise,Confident to complete prog,Understands content pre-exam,Uses library regularly,Prepared for clinical assess,Considered break,Sleep difficulty,Reviews notes within 24h,Rotations affect performance,ASSIGN_LATE
1.48,0,1.0,0.77,4,1,1,2,1,1,0.95,4,1,1,2,3,1,1,0.89,4,2,1,0.89,5,1,0,1,2,3,1,3,0,1,3,4,1,3,3,1,1,1,2,5,2,1,4,0
2.69,1,0.9,0.69,4,3,3,4,4,2,0.66,2,2,1,2,5,4,1,0.9,5,2,1,1.0,4,2,1,5,2,4,4,5,0,3,3,1,5,4,2,4,2,5,2,3,1,5,1,0
2.05,3,0.89,0.89,3,2,2,3,1,2,0.68,3,3,5,2,3,4,2,0.9,2,3,3,0.85,4,1,0,2,3,1,3,4,2,2,2,3,3,2,1,2,1,2,2,5,1,2,1,1
1.89,1,0.98,0.91,5,3,1,2,5,2,0.87,3,3,4,4,3,3,1,0.79,5,3,1,0.6,5,2,0,2,3,5,2,3,0,3,3,1,1,3,5,5,4,3,2,2,1,2,3,2
2.95,4,0.94,0.7,3,5,2,1,3,2,0.79,4,2,2,2,3,3,2,0.9,2,2,2,1.0,3,1,1,3,1,3,3,2,0,5,5,2,1,3,1,2,2,2,3,2,3,4,1,1
2.18,1,0.91,0.81,1,3,2,4,2,2,0.77,2,3,3,3,3,1,1,0.7,4,3,4,0.79,3,5,1,5,2,2,3,2,2,2,2,4,2,5,3,2,4,3,4,4,5,3,4,0
2.63,3,0.83,0.69,2,1,1,2,2,1,0.93,2,1,3,1,5,2,3,0.7,1,1,2,0.9,3,4,0,2,1,2,4,2,0,1,1,2,2,4,2,1,1,3,2,2,1,2,3,2
2.52,1,0.89,0.9,5,1,4,5,2,1,0.55,4,4,3,1,3,3,2,0.79,3,4,3,0.7,1,1,0,5,3,2,1,5,1,2,2,3,4,4,4,3,5,2,2,5,3,3,4,1
2.93,1,0.7,0.93,2,0,3,3,2,2,0.79,5,1,3,3,1,3,3,0.78,2,1,4,0.69,4,3,0,3,4,2,3,1,1,4,4,4,2,3,2,3,3,3,3,1,2,1,5,2
3.06,2,1.0,0.7,2,2,1,2,5,4,0.79,2,4,5,1,1,2,1,0.78,3,4,3,0.82,3,3,0,4,1,5,2,4,0,4,4,3,3,4,2,2,4,1,3,5,5,3,3,0
2.7,1,0.92,0.79,2,3,5,3,2,1,0.66,1,1,1,2,2,4,1,0.7,4,1,5,0.7,3,2,0,1,3,2,2,5,0,4,4,5,2,3,2,3,2,3,3,2,2,2,4,1
1.6,2,0.82,0.84,3,1,1,1,3,1,0.69,1,3,4,5,3,2,1,0.8,5,3,3,0.55,5,4,0,1,2,3,3,2,0,5,5,3,3,3,3,3,2,5,4,2,5,4,4,1
2.54,1,0.99,0.7,5,3,2,3,5,2,0.79,4,3,2,4,2,2,3,0.7,4,3,2,1.0,2,4,0,4,1,5,3,3,2,5,5,2,5,3,3,3,1,2,3,5,5,3,1,1
3.39,1,0.86,1.0,1,2,5,3,2,2,0.57,3,1,2,3,4,4,1,0.9,2,1,4,0.99,2,3,0,4,2,2,1,4,0,2,2,4,3,1,2,2,3,4,3,4,2,2,4,1
3.02,1,0.98,1.0,2,2,3,3,3,2,0.79,2,4,3,3,3,3,3,0.7,3,4,3,0.69,1,4,1,3,3,3,1,3,0,2,2,3,4,4,2,2,3,3,3,3,2,2,2,2
2.55,2,0.9,1.0,4,3,3,2,2,1,0.99,5,1,5,2,3,4,1,0.91,2,1,4,0.87,1,3,1,4,1,2,4,2,1,3,3,4,1,3,3,3,3,4,1,3,1,3,2,1
2.32,0,0.86,0.87,2,5,2,4,2,0,0.6,3,1,5,3,4,2,1,0.7,3,1,2,0.9,5,2,1,4,1,2,2,3,0,2,2,2,2,3,3,1,5,2,5,1,4,3,2,1
2.5,0,0.95,0.96,0,3,3,4,2,2,0.59,1,2,1,2,2,1,2,1.0,4,2,3,0.7,4,3,0,3,4,2,3,5,0,1,1,3,2,4,3,5,2,2,4,4,2,4,3,1
2.89,4,0.8,0.7,5,1,4,1,2,1,0.69,1,3,1,4,4,2,1,0.84,4,3,3,0.79,2,4,0,3,4,2,2,2,0,2,2,3,2,5,4,3,3,1,1,2,2,2,4,0
2.02,1,0.96,0.9,2,1,3,5,4,2,1.0,3,1,1,2,1,2,0,0.78,2,1,3,0.7,2,4,1,1,3,4,4,4,0,1,1,3,3,3,1,4,2,3,3,4,1,5,4,2
2.81,0,0.97,0.9,3,1,4,2,2,0,0.91,1,3,4,5,5,3,1,0.6,4,3,4,0.91,3,2,0,1,5,2,1,2,1,5,5,4,4,5,1,1,4,1,2,3,4,3,2,0
2.09,4,0.94,0.69,2,3,3,3,4,4,0.7,2,4,3,5,4,1,2,0.89,1,4,1,0.79,1,5,0,3,3,4,5,3,0,3,3,1,2,2,3,4,3,5,2,2,4,4,1,1
3.44,3,0.88,0.7,3,1,5,5,2,4,0.79,4,3,2,3,2,1,2,0.7,3,3,4,0.7,1,3,0,3,2,2,1,4,1,2,2,4,1,3,3,2,1,5,5,4,2,5,3,2
2.4,1,0.92,0.93,4,1,2,3,1,2,0.75,2,3,4,3,3,3,2,0.78,2,3,1,0.59,4,3,1,4,5,3,3,3,1,2,2,5,4,3,3,4,2,5,2,2,2,3,3,1
1.33,3,0.89,0.89,2,3,3,2,4,4,0.6,4,1,3,1,4,2,1,0.77,1,1,3,0.93,4,1,1,5,4,4,5,2,0,5,5,3,4,2,1,2,3,4,2,2,2,3,3,0
2.69,1,0.88,0.9,3,5,5,4,2,1,0.78,2,5,3,4,2,3,2,0.89,4,5,1,0.7,2,3,0,2,2,2,5,1,0,4,4,1,2,1,5,5,4,3,2,4,4,3,3,1
2.46,1,0.84,0.55,4,5,4,2,3,0,0.69,3,1,3,5,5,1,2,0.78,4,1,4,0.88,1,5,1,4,3,3,4,3,0,5,5,4,2,3,4,5,4,2,3,5,4,3,3,2
2.17,0,0.88,0.69,2,2,2,1,2,2,0.63,2,3,1,1,4,1,1,0.59,2,1,2,0.69,5,3,1,3,4,2,2,5,0,4,3,2,2,5,3,2,1,2,3,5,5,2,2,1
3.0,4,0.89,0.6,4,1,2,2,1,0,0.8,3,2,2,2,4,2,0,1.0,5,2,2,0.79,4,1,1,2,4,3,2,3,2,2,3,3,2,4,1,2,2,2,2,4,4,2,2,1
3.0,2,0.67,0.88,3,2,1,2,5,1,0.78,1,4,5,4,4,5,1,0.6,3,4,3,0.7,4,4,1,4,2,5,3,5,4,4,4,3,5,3,4,1,4,3,4,1,3,1,5,1
2.43,1,1.0,0.6,4,2,5,3,2,1,0.8,3,1,2,2,4,2,0,0.7,5,1,1,1.0,3,4,1,1,4,2,1,3,0,4,4,1,4,4,3,4,4,4,2,3,2,3,3,1
2.36,1,0.98,0.99,2,1,4,3,1,1,0.69,3,1,3,4,3,4,2,0.92,3,1,5,0.78,2,3,0,2,5,1,2,2,0,1,1,5,1,1,2,3,1,1,4,3,1,1,3,0
3.33,3,0.77,0.64,2,2,2,3,1,0,0.6,5,3,3,2,2,2,3,0.79,2,2,5,0.64,2,5,0,4,4,5,4,4,1,3,4,5,2,2,5,2,5,3,4,1,5,5,5,2
3.13,1,0.65,0.92,3,2,2,2,1,3,0.76,2,2,1,2,5,4,2,0.8,5,4,4,0.92,4,4,1,2,4,5,2,2,0,2,5,4,2,4,3,2,4,1,4,4,5,5,5,0
3.6,2,0.88,0.79,2,5,4,3,4,0,0.77,3,4,4,2,4,4,1,0.78,3,4,3,0.65,2,1,0,2,1,4,5,3,1,4,4,3,2,3,2,3,3,3,3,1,2,2,5,2
2.09,1,0.79,0.7,3,1,2,1,4,0,0.77,4,3,5,4,4,3,2,0.9,5,3,2,0.87,2,2,0,1,1,4,4,2,0,4,4,2,1,3,3,4,3,1,5,4,2,3,3,0
2.96,4,0.92,0.78,2,2,4,3,4,0,0.5,2,2,3,4,1,4,1,1.0,5,2,2,0.9,3,2,0,5,2,4,2,5,0,3,3,2,3,3,4,1,3,5,4,2,5,2,3,2
3.55,4,0.93,0.77,4,5,3,3,3,1,0.7,2,2,3,4,3,2,2,0.6,4,2,3,0.99,5,5,0,1,4,3,1,3,4,1,1,3,2,3,3,4,1,3,2,5,3,1,3,1
2.74,1,0.88,0.77,1,5,2,3,1,1,0.69,2,3,5,3,2,3,3,0.78,1,3,3,0.79,2,4,0,2,2,1,1,4,4,4,4,3,3,3,3,5,4,1,2,5,1,2,5,1
1.69,3,0.94,0.93,3,3,4,3,2,0,0.69,3,2,2,4,2,2,2,0.9,1,2,3,0.99,3,2,1,4,2,2,3,2,0,2,2,3,4,3,2,1,3,3,2,2,5,3,4,1
3.63,0,0.93,0.69,2,1,3,5,1,0,1.0,4,1,1,2,2,4,2,0.85,2,1,4,0.99,3,2,0,1,1,1,2,3,0,5,5,4,2,5,1,2,5,1,5,5,2,3,4,2
2.85,2,0.85,1.0,4,3,3,3,3,1,0.9,5,2,2,2,1,2,1,1.0,3,2,2,0.69,2,3,0,4,4,3,3,5,0,1,1,2,2,3,3,2,2,3,1,3,3,4,3,2
2.91,2,0.83,1.0,5,5,1,4,1,0,0.6,3,4,2,3,1,2,1,0.9,3,4,2,0.91,2,1,0,1,4,1,1,3,0,1,1,2,3,3,4,5,3,2,1,2,3,4,3,1
1.98,1,0.87,1.0,4,1,1,3,1,4,0.96,5,5,1,5,3,4,2,0.79,3,5,4,0.87,2,4,0,1,4,1,5,5,2,1,1,4,2,1,3,3,3,5,4,1,4,1,5,1
3.69,1,1.0,1.0,3,5,4,4,1,0,0.6,5,3,5,3,2,4,3,0.69,3,3,2,0.79,2,1,0,1,4,1,2,5,0,4,4,2,2,1,2,1,1,3,1,3,3,3,1,2
3.07,2,0.97,0.79,4,0,2,2,3,1,0.7,3,2,2,2,2,2,2,0.79,2,3,2,0.55,2,3,1,2,3,3,1,3,0,2,2,3,2,3,2,1,2,2,2,3,3,2,3,2
2.8,1,0.89,0.9,0,0,5,5,3,4,1.0,3,1,5,1,3,2,3,0.89,5,1,3,0.7,4,4,1,2,2,3,3,5,1,1,1,3,3,5,1,3,3,3,3,3,5,1,2,1
1.9,2,0.91,0.6,2,3,1,2,2,0,0.89,1,2,5,4,2,1,1,0.7,3,2,2,0.96,3,5,0,4,2,2,1,4,0,5,5,2,4,3,2,1,3,1,1,2,3,3,2,1
3.35,3,0.84,0.79,2,3,4,3,4,3,0.91,2,5,3,3,3,2,2,0.67,3,5,3,0.8,3,4,1,4,2,4,3,2,4,2,2,3,3,3,2,3,4,3,1,2,2,5,3,2
2.17,1,0.65,0.73,2,3,2,2,1,3,0.57,5,3,2,3,5,3,3,0.69,2,3,3,0.77,3,4,0,4,2,3,2,2,0,3,2,5,1,3,4,2,4,5,2,5,3,5,4,2
2.3,2,0.83,0.7,5,5,1,4,5,2,0.6,2,2,2,2,1,1,2,0.69,4,2,4,0.93,4,5,1,2,1,5,2,2,2,2,2,4,5,1,4,2,1,3,2,3,2,2,3,1
3.0,1,0.96,0.7,3,3,1,3,3,0,0.89,3,4,3,2,2,5,3,0.7,1,4,3,0.79,4,1,1,3,1,3,2,1,0,2,2,3,5,4,2,5,2,4,3,1,2,3,1,1
2.78,1,0.97,0.89,2,2,2,4,3,4,0.88,2,5,2,2,1,4,1,0.79,2,5,1,0.79,3,5,0,3,2,3,2,3,0,1,1,1,3,4,1,1,3,4,4,4,4,2,3,2
3.56,1,1.0,1.0,2,3,3,1,3,1,0.6,4,3,2,4,4,2,1,0.92,4,3,3,0.66,4,3,0,4,2,3,3,1,0,5,5,3,4,2,2,2,4,4,3,3,4,5,4,1
3.04,1,1.0,0.7,4,1,1,2,2,0,0.92,1,3,4,3,3,5,3,0.9,1,3,3,0.7,5,2,0,5,5,2,1,2,0,3,3,3,1,4,2,2,3,1,2,5,3,3,3,1
2.6,3,0.63,0.68,2,5,2,1,3,2,0.67,2,1,2,3,3,3,3,0.68,2,3,2,0.63,3,3,1,1,4,2,3,2,4,1,3,3,2,5,2,2,2,2,2,5,5,2,2,2
2.88,4,1.0,0.79,2,0,2,4,1,0,0.69,2,5,4,2,3,2,1,0.7,2,5,1,0.7,5,3,1,2,1,1,3,3,0,4,4,1,5,3,3,1,2,2,2,2,2,3,3,1
2.75,1,1.0,0.89,3,3,2,3,5,0,1.0,3,2,3,2,2,1,2,1.0,2,2,2,0.7,3,4,0,3,5,5,1,1,0,2,2,2,2,1,1,1,2,3,2,3,2,2,1,1
3.43,0,0.84,0.83,2,1,4,3,5,1,0.78,5,3,2,5,1,3,2,0.69,1,3,5,0.7,2,2,0,1,3,5,3,2,0,5,5,5,3,3,2,5,2,4,1,3,3,4,1,1
2.45,0,0.81,0.89,3,1,3,5,4,4,0.93,2,1,2,4,5,2,0,0.68,1,1,1,0.99,2,3,0,3,3,4,2,2,4,4,4,1,5,5,2,5,1,3,2,3,1,1,3,1
2.19,1,1.0,0.69,4,5,3,2,5,4,0.67,5,4,4,1,1,5,2,0.9,3,4,4,0.7,5,1,1,4,1,5,5,3,0,2,2,4,4,5,1,1,3,2,3,1,2,3,2,1
2.05,2,0.93,0.79,2,1,4,3,5,4,0.69,3,4,4,2,4,2,2,1.0,3,4,1,0.99,2,2,0,4,3,5,5,3,0,4,4,1,2,3,4,1,1,4,3,2,4,3,1,2
2.78,3,0.85,0.77,3,3,5,4,4,1,0.87,2,3,3,3,2,2,3,0.79,5,3,5,1.0,3,3,0,3,3,4,4,4,0,2,2,5,2,2,3,3,4,2,3,1,2,1,1,1
3.02,2,0.73,0.79,3,1,3,3,5,0,0.55,4,5,2,2,5,3,1,0.66,1,5,3,0.9,3,2,0,2,5,5,3,5,2,2,2,3,2,2,1,2,5,5,4,4,2,5,2,0
2.82,3,0.86,1.0,2,1,4,2,2,1,0.69,2,3,1,2,5,3,2,0.89,3,3,2,0.89,1,2,1,2,4,2,2,3,0,3,3,2,2,4,4,2,2,3,2,2,2,3,1,2
2.26,3,0.82,0.69,2,1,2,2,3,1,0.67,3,1,2,3,2,5,1,0.87,3,1,4,0.7,1,2,0,3,5,3,1,4,1,4,4,4,2,1,5,4,4,5,4,1,5,3,2,2
2.4,1,0.86,1.0,3,3,4,5,1,4,0.89,5,1,5,3,1,1,1,0.79,5,1,3,0.78,2,1,0,3,3,1,1,5,4,1,1,1,3,1,4,1,1,5,1,2,3,1,1,2
3.1,3,1.0,0.77,2,1,1,1,4,0,0.69,3,2,5,4,5,3,1,0.7,2,2,2,0.68,3,1,1,1,1,4,1,2,0,4,4,2,3,1,3,4,4,2,2,3,2,4,3,2
3.22,2,0.69,0.6,2,3,2,3,4,1,0.88,5,4,5,4,1,3,1,1.0,2,4,3,0.93,1,2,0,1,2,4,1,4,2,3,3,3,3,3,4,2,1,5,3,2,3,2,1,2
1.88,1,0.97,0.66,2,3,3,2,3,0,0.89,2,2,5,1,3,2,2,0.69,3,2,5,0.6,1,2,0,2,1,3,2,5,0,4,4,5,2,2,3,1,4,1,5,3,2,2,3,2
2.39,3,0.75,0.79,2,1,1,4,3,2,0.9,2,1,2,4,5,5,1,0.89,3,1,5,0.9,2,5,0,2,4,3,3,3,2,2,2,5,4,1,3,1,3,1,3,4,3,2,3,1
3.35,3,0.91,0.69,3,2,3,5,2,2,0.78,3,3,2,3,1,5,0,1.0,1,3,3,0.69,3,4,1,2,2,2,4,3,0,2,2,3,5,4,2,3,4,1,2,1,2,5,2,1
2.62,2,0.94,1.0,4,3,1,3,5,1,0.89,5,2,1,1,2,5,1,0.7,4,3,2,0.49,5,1,0,3,2,5,2,4,1,4,3,1,1,1,3,1,3,2,3,3,1,1,4,1
3.19,3,0.86,0.69,3,1,4,4,4,2,0.66,3,3,3,1,2,3,2,0.85,1,3,5,0.92,5,2,0,3,4,4,4,1,0,4,4,5,2,5,1,4,3,2,4,4,4,3,4,1
3.35,0,0.97,0.7,3,1,4,1,2,0,0.92,3,3,4,1,3,3,0,1.0,2,3,4,0.9,5,2,1,2,3,2,1,1,0,3,3,4,2,5,4,2,3,4,4,3,2,1,3,1
3.3,3,0.88,0.69,2,3,3,3,2,0,0.69,1,4,3,4,3,3,1,0.88,1,4,3,0.93,2,1,0,1,4,2,2,4,0,4,4,3,4,2,3,2,3,1,4,1,4,2,3,1
2.0,0,0.77,1.0,5,1,2,2,1,4,0.65,4,3,2,2,4,1,1,0.77,5,2,2,1.0,4,2,0,1,4,3,2,4,0,2,2,2,2,2,3,2,3,1,2,4,4,2,2,2
3.27,1,0.73,0.63,4,1,3,2,3,4,0.7,5,2,3,3,1,4,3,0.89,4,2,2,0.7,4,1,0,1,3,3,3,3,0,3,3,2,4,5,2,3,2,1,4,1,2,1,5,1
3.17,2,0.7,0.85,2,1,3,3,2,0,1.0,5,3,3,2,2,3,1,0.68,1,3,4,1.0,2,2,1,4,3,2,2,4,2,3,3,4,3,1,3,4,3,1,4,3,2,3,5,2
2.87,2,0.64,0.6,2,3,2,3,1,2,0.7,3,4,3,1,3,3,3,1.0,3,4,3,0.7,3,4,1,3,4,1,2,3,0,1,1,3,4,5,4,3,5,5,4,3,1,3,1,1
3.35,4,0.93,0.7,3,3,5,1,3,0,0.7,3,3,2,5,4,1,2,0.69,2,3,3,1.0,2,4,1,1,2,3,3,2,1,4,4,3,5,3,3,3,3,3,2,2,5,1,3,0
1.1,3,0.87,0.87,2,1,2,2,5,2,0.89,5,2,3,4,5,2,1,0.79,2,2,2,0.9,4,4,1,5,1,5,4,4,4,3,3,2,5,2,4,3,3,3,2,3,1,3,2,1
2.25,3,0.91,0.77,5,3,5,3,3,2,0.79,4,5,4,3,3,4,0,0.7,3,5,2,1.0,5,4,0,3,1,3,1,1,0,5,5,2,3,1,3,4,3,3,5,5,5,3,3,2
3.31,1,0.94,0.7,2,2,4,3,2,0,0.9,3,2,4,3,2,4,2,0.89,3,2,3,0.79,2,2,0,3,3,2,2,2,2,1,1,3,4,2,1,3,3,2,1,3,3,3,4,2
2.26,1,0.82,0.7,3,1,1,2,3,0,0.84,4,2,1,5,2,5,2,0.89,5,2,3,0.59,2,4,0,1,4,3,4,2,4,3,3,3,5,2,1,3,1,4,2,4,3,5,4,0
1.83,1,1.0,0.92,2,2,3,1,2,2,1.0,2,2,4,1,4,4,2,0.59,5,2,4,0.89,4,5,0,2,1,2,3,4,4,2,2,4,2,3,1,2,2,3,1,5,2,1,3,2
2.93,1,0.94,0.99,2,3,3,3,1,2,1.0,2,3,1,3,2,2,1,0.69,5,3,5,1.0,1,1,1,3,1,1,5,3,1,3,3,5,3,4,5,5,4,2,1,3,1,2,4,1
3.05,1,0.86,0.87,3,1,3,2,2,2,0.83,3,2,2,2,2,4,2,0.89,2,2,4,0.89,4,3,0,2,3,3,1,4,0,3,2,4,3,4,3,2,2,4,3,4,2,3,2,2
2.81,2,0.87,0.77,4,1,2,4,4,2,1.0,5,1,2,5,2,3,1,0.79,3,1,3,0.7,4,4,0,2,5,4,2,4,0,1,1,3,3,2,1,4,3,1,2,2,3,1,3,0
3.1,2,0.92,0.6,4,1,4,5,4,2,0.89,1,1,1,4,2,2,2,0.95,5,1,1,0.8,2,2,1,5,1,4,3,2,0,5,5,1,4,5,4,5,2,4,3,2,3,2,3,0
2.38,2,0.87,0.57,1,2,2,4,5,4,0.93,4,2,5,1,2,1,2,1.0,4,2,2,0.7,3,3,1,2,4,5,2,3,0,4,4,2,3,5,1,4,4,1,3,4,1,5,2,2
2.38,1,0.87,1.0,2,3,3,1,2,2,0.64,3,2,2,2,2,2,2,0.6,3,2,3,0.59,3,2,1,1,1,2,2,4,1,3,3,3,2,2,2,3,2,2,2,3,2,3,4,2
3.26,2,0.83,0.83,4,1,1,2,1,0,0.86,2,2,2,2,5,5,0,0.93,5,2,2,0.83,4,4,0,2,2,5,2,4,0,2,4,4,2,5,3,1,3,1,2,5,2,2,5,1
2.92,3,0.71,0.79,2,1,3,3,5,2,0.7,2,3,1,3,4,5,1,0.7,3,3,3,0.94,3,1,1,3,2,5,4,3,1,3,3,3,4,5,4,3,5,5,2,2,2,5,3,1
3.11,3,1.0,0.65,3,5,1,5,3,4,0.9,5,3,2,1,5,5,2,0.89,5,3,4,0.69,4,4,1,1,2,3,1,3,0,4,4,4,3,4,2,3,1,3,4,5,5,3,3,2
3.13,2,0.94,0.93,3,3,2,1,3,1,0.79,3,1,3,4,2,2,1,0.79,3,1,5,0.79,4,1,1,3,2,3,3,3,0,4,4,5,4,4,4,2,4,3,4,2,1,4,2,0
3.38,1,0.6,1.0,3,0,3,2,2,1,0.72,4,3,3,3,2,3,1,0.78,1,3,5,0.69,5,3,1,1,2,2,1,2,0,3,3,5,4,2,5,4,2,3,2,1,1,1,3,2
3.74,3,0.68,0.7,3,5,2,3,3,1,0.78,5,3,3,3,4,2,3,0.79,5,3,3,0.8,5,3,1,3,4,3,3,5,0,3,4,4,2,5,1,3,3,3,2,4,4,3,3,1
3.19,2,0.95,0.69,2,3,4,3,3,2,0.79,5,4,1,3,2,4,2,0.73,3,4,2,0.69,3,1,0,2,2,3,5,2,0,2,2,2,4,4,2,5,5,2,4,5,3,3,4,1
2.64,1,0.88,0.7,3,1,4,3,3,1,0.9,3,2,3,5,3,4,3,0.9,3,2,1,0.96,1,4,1,2,5,3,4,2,1,5,5,1,3,1,1,3,3,4,2,3,3,4,4,0
3.33,0,0.81,0.8,2,4,3,3,5,3,0.87,2,3,4,4,4,1,1,0.9,3,4,2,0.8,4,3,0,2,3,3,5,2,0,2,4,4,2,3,3,5,2,2,3,4,4,3,3,1
3.31,3,0.73,0.89,2,1,1,2,5,2,0.96,2,1,4,3,2,2,0,0.7,2,1,3,0.79,5,1,0,5,1,5,3,3,0,3,3,3,3,5,3,5,3,5,4,3,1,2,4,1
2.56,2,0.9,0.89,3,1,5,5,5,0,0.8,3,4,1,2,1,3,0,0.55,1,4,1,0.69,3,2,1,3,1,5,3,1,0,4,4,1,3,4,4,3,4,5,4,3,2,3,4,2
3.17,2,1.0,0.79,2,1,1,1,3,1,0.89,4,4,3,2,3,3,1,0.79,1,4,3,0.64,2,4,0,3,4,3,3,4,1,4,4,3,3,4,4,2,4,5,4,3,2,5,4,2
2.78,4,0.94,0.68,2,1,2,3,5,0,1.0,3,1,1,1,1,1,0,1.0,5,1,5,0.93,4,2,1,1,3,5,3,5,2,3,3,5,4,3,4,3,4,2,3,5,1,3,2,2
2.43,2,0.86,0.8,3,5,3,1,2,1,0.93,1,1,2,3,1,3,0,1.0,5,1,3,1.0,2,4,0,2,3,2,3,4,0,3,3,3,2,1,3,3,2,2,1,5,5,4,5,2
2.0,2,1.0,0.6,2,1,5,5,1,2,0.7,2,5,1,1,3,2,0,0.9,1,5,2,0.79,3,3,0,3,2,1,3,3,1,2,2,2,3,5,1,2,4,1,2,2,3,2,1,1
2.46,2,0.8,0.89,5,3,2,2,5,2,0.7,1,3,1,5,3,4,2,0.9,2,3,1,0.79,2,5,0,1,5,5,5,2,0,1,1,1,3,1,2,3,4,3,2,5,4,2,4,2
3.31,4,0.89,0.88,3,5,1,4,3,0,0.78,2,2,5,4,2,1,1,0.7,1,2,3,0.7,2,5,0,3,4,3,1,2,0,4,4,3,1,1,2,3,4,3,4,3,3,2,1,0
2.45,3,1.0,1.0,4,5,1,2,1,4,0.7,1,1,1,4,4,2,2,0.7,4,1,4,0.69,2,4,1,2,5,1,5,5,0,2,2,4,2,1,2,5,2,1,2,3,3,2,4,1
2.61,3,1.0,0.89,4,3,2,2,3,2,1.0,3,1,1,4,1,3,0,1.0,2,1,4,0.7,2,1,1,4,3,3,3,4,0,3,3,4,1,3,3,2,5,4,4,2,4,4,1,1
3.0,1,0.85,0.89,5,3,5,5,2,2,0.99,4,2,1,4,4,4,0,0.9,4,2,5,0.91,1,4,0,1,3,2,5,2,0,4,4,5,4,1,1,4,5,3,1,1,2,4,3,1
2.75,2,0.74,0.66,2,0,4,4,2,0,0.9,4,4,3,2,4,2,3,0.9,3,4,3,0.69,3,1,0,3,5,2,2,4,1,5,5,3,3,1,4,3,5,2,2,4,1,3,5,1
2.89,4,0.81,0.9,3,1,5,1,1,2,0.7,4,3,1,4,1,4,2,0.66,2,3,4,0.88,3,1,1,5,1,1,3,4,1,1,1,4,3,2,1,5,5,4,3,1,2,4,3,0
2.48,0,0.95,0.7,5,5,3,1,4,1,0.69,2,2,3,2,2,3,1,0.78,1,2,3,0.7,3,3,1,5,3,4,1,2,1,5,5,3,1,1,2,2,3,1,2,2,5,3,2,1
3.26,0,0.4,0.83,3,2,3,3,1,1,0.78,1,2,1,1,5,3,0,0.92,4,1,5,0.83,5,3,0,3,3,4,1,5,0,1,5,2,2,3,3,1,3,5,3,5,4,5,3,2
2.92,4,0.89,0.7,0,3,3,4,5,0,0.7,3,1,5,5,2,5,2,0.85,3,1,4,0.5,5,3,1,2,3,5,1,1,2,3,3,4,3,1,1,3,4,3,2,1,4,4,4,1
2.67,3,0.91,0.79,5,3,4,4,3,2,0.79,4,3,3,2,3,2,2,0.69,4,3,3,0.98,1,4,0,2,2,3,2,5,2,4,4,3,4,5,4,2,1,3,3,3,2,2,2,2
2.81,3,0.55,0.69,3,3,1,3,1,3,0.66,2,3,3,2,5,4,2,0.89,5,3,4,0.69,4,5,0,3,3,4,2,4,2,3,5,3,2,3,3,1,3,2,2,4,3,5,5,2
2.41,2,0.66,0.79,1,3,2,5,3,2,0.7,2,4,4,1,4,1,1,0.88,4,4,3,0.7,2,2,0,4,3,3,1,3,1,3,3,3,2,1,4,3,2,4,3,3,2,3,2,1
3.41,3,1.0,0.7,2,0,3,5,3,1,0.89,3,3,2,5,5,3,2,0.89,1,3,1,0.7,5,3,0,3,3,3,1,1,1,4,4,1,3,2,3,2,2,3,2,2,4,4,2,1
3.24,3,1.0,0.73,4,3,4,3,2,2,0.85,3,2,3,2,4,4,3,0.57,2,2,4,0.79,2,2,1,2,4,2,5,1,0,1,1,4,3,3,5,2,2,1,3,3,4,2,1,0
2.89,1,0.86,0.79,3,1,4,3,4,1,0.6,5,4,4,4,3,4,2,0.69,1,4,5,0.88,2,3,0,2,2,4,3,3,0,2,2,5,1,4,1,3,2,2,3,3,4,1,1,1
3.06,1,0.94,0.73,5,1,4,2,4,4,0.89,3,5,2,2,1,1,3,0.96,3,5,1,0.79,4,4,0,1,1,4,3,5,0,5,5,1,1,5,1,5,3,2,5,1,2,3,3,0
3.24,3,0.91,0.91,2,0,2,5,4,2,0.79,1,3,3,3,4,1,2,1.0,3,3,4,0.7,2,2,1,3,2,4,4,4,0,3,3,4,1,2,2,4,3,3,3,1,2,2,5,2
2.38,1,0.82,0.75,5,2,1,1,1,2,0.95,2,1,1,1,3,3,0,0.89,2,2,2,0.79,3,1,1,1,3,2,1,1,0,1,2,1,1,2,1,1,1,1,1,3,3,2,4,1
2.94,3,0.96,1.0,3,1,4,3,2,2,0.7,3,5,2,5,2,4,3,0.67,1,5,4,0.89,3,4,1,3,3,2,5,5,1,2,2,4,2,4,5,4,1,3,4,3,1,2,2,1
2.88,2,1.0,0.99,4,3,2,2,4,4,0.79,2,3,3,2,1,4,3,1.0,3,3,2,0.64,3,1,0,5,1,4,2,4,0,3,3,2,3,4,3,1,5,5,2,5,1,3,1,1
2.96,1,0.65,0.7,3,2,4,2,5,2,0.78,3,3,3,4,3,5,1,0.69,2,3,4,0.89,2,2,1,2,1,5,2,2,0,3,3,4,5,3,1,3,2,1,3,2,4,2,5,1
3.04,3,0.94,0.7,5,2,3,3,3,0,0.89,3,3,2,2,4,3,0,0.9,3,3,1,0.89,3,4,0,1,3,3,3,3,1,3,3,1,1,2,4,2,4,1,2,3,4,2,3,1
2.86,1,0.6,0.99,4,3,2,1,1,1,0.84,1,1,1,1,5,4,0,1.0,5,1,1,0.89,5,3,0,5,5,1,1,5,1,1,5,1,2,4,3,1,1,3,1,5,5,5,2,1
2.9,1,0.6,0.93,4,1,2,2,1,0,1.0,5,2,3,4,1,3,2,0.91,1,2,3,0.99,1,2,0,4,2,1,3,4,0,2,2,3,2,1,3,2,2,3,4,1,4,1,1,1
2.9,3,0.84,0.79,5,1,2,2,2,4,0.79,2,2,2,2,4,1,2,0.79,2,2,2,0.67,4,2,1,2,4,2,2,4,2,2,4,2,2,4,3,2,2,2,2,4,2,2,2,1
3.5,2,0.77,0.89,5,0,4,1,1,4,0.69,1,1,5,3,4,3,3,0.7,2,1,3,0.9,3,4,0,5,4,1,1,3,0,4,4,3,4,1,3,3,1,5,3,2,4,2,3,1
2.85,1,0.74,0.79,3,0,3,3,1,4,1.0,1,3,2,2,4,3,2,0.69,3,3,4,0.84,3,3,0,2,4,1,2,5,0,2,2,4,2,4,5,1,5,2,3,2,3,2,3,1
1.91,3,0.94,1.0,3,1,2,4,3,1,0.99,3,2,1,4,4,4,3,0.79,2,2,5,0.69,3,4,1,2,2,3,4,3,4,5,5,5,3,2,3,4,4,5,3,3,4,3,1,0
3.06,3,0.88,0.8,2,3,3,3,1,4,1.0,2,5,1,4,1,4,2,0.89,2,5,5,0.66,3,3,0,5,3,1,4,3,2,3,3,5,4,3,1,5,3,4,5,1,2,2,3,1
2.61,1,0.87,1.0,4,5,5,2,4,2,0.9,2,1,4,2,2,4,2,0.69,1,1,4,0.7,3,2,1,3,3,4,2,3,4,3,3,4,5,4,2,3,3,4,5,5,5,1,3,1
2.34,1,0.81,0.93,5,1,2,3,3,2,0.89,1,5,2,3,1,3,2,0.79,5,5,1,0.88,4,2,1,4,3,3,3,4,1,2,2,1,5,1,5,2,1,1,1,4,5,5,1,1
2.76,3,0.93,0.7,2,5,2,3,4,2,0.7,2,3,2,2,3,1,2,0.76,5,3,1,0.69,2,5,1,5,2,4,4,4,1,4,4,1,2,2,4,2,1,3,1,3,2,4,4,2
2.83,1,0.92,0.69,1,5,1,3,2,2,1.0,1,4,5,1,3,3,0,0.9,3,4,2,0.95,3,2,0,2,3,2,4,5,0,2,2,2,2,5,4,3,4,3,2,2,5,1,3,0
1.95,1,0.73,0.78,2,5,3,4,3,2,0.79,3,3,5,5,4,5,0,0.93,3,3,3,1.0,2,4,0,2,5,3,3,2,1,1,1,3,4,1,2,3,3,3,2,1,1,4,4,1
3.17,1,0.81,0.7,4,3,5,3,1,0,0.92,2,2,2,3,2,3,1,0.69,4,2,2,0.69,3,5,0,1,4,1,2,4,0,1,1,2,4,3,3,3,2,4,4,1,5,1,4,1
3.08,4,0.9,0.89,4,1,2,3,1,4,0.9,2,2,2,3,2,3,2,0.7,2,2,3,0.63,4,2,0,3,1,1,2,4,0,4,4,3,1,5,2,2,1,2,2,2,3,4,2,0
2.79,2,0.95,0.78,2,3,4,3,2,2,0.68,4,3,3,5,3,2,1,0.8,3,3,5,0.96,3,1,1,3,1,2,1,1,0,1,1,5,1,5,3,3,1,1,4,1,2,1,5,1
2.57,2,1.0,0.93,4,1,1,2,3,3,0.89,1,5,1,2,4,4,2,0.69,2,5,3,0.89,3,3,0,2,4,3,2,3,2,4,4,3,5,2,3,1,3,4,2,3,4,3,1,0
2.89,1,0.96,0.66,4,0,1,3,3,1,0.79,3,3,3,2,2,2,2,1.0,3,3,2,0.78,2,3,0,2,3,3,2,4,0,4,4,2,2,1,2,4,1,2,3,2,5,4,3,1
3.44,2,0.95,0.84,3,2,5,5,5,0,0.79,2,2,2,2,3,1,2,0.95,3,2,1,0.89,1,5,0,2,3,5,3,5,0,4,4,1,4,3,4,4,1,4,4,3,3,3,2,0
2.76,3,0.84,0.96,5,1,2,4,1,0,0.68,3,2,2,2,2,2,2,0.69,2,2,2,0.84,3,2,1,3,3,1,4,2,1,3,3,2,4,5,3,2,4,2,1,4,3,4,1,1
3.07,1,0.73,0.77,2,5,3,2,3,0,0.89,3,3,4,1,2,3,1,0.99,4,3,3,0.69,2,3,0,4,1,3,4,2,1,3,3,3,3,3,2,5,2,5,2,3,2,1,4,1
3.37,3,0.9,0.7,2,3,1,2,3,4,0.92,1,3,1,4,2,2,2,0.89,5,3,3,0.78,3,4,1,2,1,3,4,2,1,2,2,3,3,1,3,3,3,4,2,3,4,4,3,0
2.28,0,0.94,1.0,2,3,4,4,3,1,0.89,4,4,3,4,3,4,3,0.79,4,4,2,0.96,3,1,1,2,3,3,3,2,0,4,4,2,4,3,3,4,1,3,1,1,5,4,2,1
3.0,2,0.86,0.6,1,3,5,1,3,1,0.7,3,2,4,5,1,3,0,0.69,3,2,4,0.77,2,2,0,3,2,3,4,3,0,2,2,4,3,3,4,3,3,2,2,3,3,3,4,1
2.57,4,0.63,0.7,3,1,4,4,2,2,0.78,3,4,3,3,1,4,1,0.78,1,4,1,0.6,1,1,0,4,4,2,5,3,0,3,3,1,1,4,1,1,2,5,1,2,3,1,1,2
1.8,0,0.92,0.69,3,2,4,1,2,0,1.0,2,2,3,2,5,5,2,0.7,4,2,4,0.84,2,3,1,1,4,2,4,1,0,2,2,4,5,4,3,2,3,3,3,3,2,2,2,2
2.91,4,0.8,0.69,4,2,2,1,4,2,0.69,2,2,3,1,4,3,1,0.92,5,2,3,0.89,2,4,1,1,3,4,2,1,0,1,1,3,2,2,3,1,2,2,3,4,3,3,4,1
2.52,3,0.91,0.89,2,5,3,3,5,4,0.89,1,4,3,4,5,3,0,0.87,3,4,4,0.89,1,2,1,2,5,5,2,5,0,2,2,4,1,3,5,4,2,2,4,1,4,5,5,2
2.48,1,0.87,0.59,5,5,4,3,1,2,0.85,1,2,2,1,3,1,1,0.87,2,2,1,0.99,2,3,1,2,4,1,2,2,0,3,3,1,3,2,2,4,1,2,2,3,1,4,1,2
2.96,0,0.86,1.0,2,1,2,3,4,1,0.78,2,3,5,2,4,5,1,0.89,2,3,3,0.66,3,4,0,3,3,4,2,1,0,3,3,3,1,3,1,1,1,1,4,2,3,2,4,1
2.89,0,0.85,0.79,1,1,1,1,3,0,0.89,4,2,4,3,4,5,3,0.7,5,2,5,0.9,5,2,1,5,4,3,1,1,0,1,1,5,3,2,4,1,2,4,3,5,4,3,4,1
2.96,2,0.88,0.88,2,1,4,4,2,0,0.7,4,3,4,2,3,4,2,0.7,2,3,3,0.88,3,1,1,1,3,2,3,1,0,2,2,3,2,2,1,2,4,3,3,2,1,2,4,1
3.23,3,0.89,0.69,3,3,1,4,3,4,0.9,1,1,2,3,3,4,1,0.78,3,1,3,0.5,2,4,1,2,1,3,2,3,0,4,4,3,3,3,5,3,4,2,2,3,4,4,2,2
3.3,4,1.0,0.78,2,5,1,3,1,0,0.69,5,4,2,5,3,2,2,0.67,3,4,2,0.85,5,4,1,2,1,1,4,2,4,3,3,2,4,4,4,4,5,2,4,1,4,3,2,2
3.04,4,0.76,0.69,2,1,1,1,3,4,0.89,5,1,1,1,4,1,1,0.7,3,1,5,0.76,4,2,1,2,3,3,4,2,0,2,2,5,4,4,2,1,4,3,4,5,4,4,2,2
1.52,2,0.96,0.92,4,3,5,2,5,4,0.79,5,2,3,1,3,3,3,0.6,1,2,5,0.79,3,4,1,3,4,5,1,3,0,4,4,5,3,3,2,1,2,3,1,3,3,2,2,1
2.82,1,1.0,0.99,3,3,2,4,2,1,0.87,1,3,4,1,2,1,1,0.9,2,3,1,1.0,1,2,1,4,4,2,3,4,0,2,2,1,2,2,3,3,2,4,5,4,4,1,2,1
2.5,0,0.79,0.75,3,0,4,5,4,2,0.34,4,5,3,5,4,5,0,0.69,5,4,4,0.75,4,5,0,5,5,5,4,4,4,5,5,5,5,5,3,5,5,4,5,5,5,5,4,1
2.58,1,0.86,1.0,2,5,3,1,4,3,0.69,2,2,2,3,2,3,0,0.89,3,2,3,0.75,3,2,0,2,3,4,4,2,4,1,1,3,1,2,5,3,3,2,1,2,3,2,4,1
2.21,2,0.72,0.89,2,0,3,3,5,0,0.53,1,4,3,4,3,3,2,0.6,1,3,3,0.8,1,5,0,3,2,3,5,1,0,3,5,4,3,2,5,5,3,5,3,1,3,5,2,1
2.45,1,0.69,0.9,5,5,1,3,1,1,0.91,3,4,4,3,1,4,1,0.69,1,4,5,0.79,1,1,0,3,4,1,3,2,0,3,3,5,4,5,1,5,1,3,3,1,5,3,4,1
3.15,1,0.86,1.0,3,3,3,2,4,2,0.99,4,2,4,2,4,4,1,0.77,2,2,2,0.69,4,3,0,4,1,4,2,4,1,4,4,2,3,3,1,3,5,3,2,2,5,1,1,2
3.0,2,0.76,0.79,2,2,5,2,4,2,1.0,1,3,2,1,1,2,1,0.7,3,3,4,0.68,1,4,0,1,5,4,2,5,1,3,3,4,4,2,2,4,3,4,2,4,3,2,2,1
2.48,0,0.75,0.7,2,3,1,3,2,1,0.59,2,4,2,1,2,3,3,0.6,2,4,5,0.45,3,2,1,1,3,2,3,4,0,2,2,5,3,1,1,4,5,2,2,1,2,4,1,1
2.57,3,0.88,1.0,3,3,4,5,3,1,0.7,3,1,2,3,4,4,1,0.69,1,1,5,1.0,2,1,1,2,2,3,4,2,4,1,1,5,2,4,3,4,3,1,1,3,2,4,4,1
2.56,1,0.88,0.7,3,1,1,2,3,1,0.91,2,2,3,5,5,2,0,0.9,1,2,2,0.92,1,3,0,2,2,3,4,4,2,4,4,2,1,2,4,2,3,3,3,2,2,3,3,1
3.02,1,0.83,0.69,1,3,4,2,2,0,0.77,3,2,1,3,3,1,0,0.9,4,2,4,1.0,3,1,0,5,1,2,2,4,0,3,3,4,4,5,2,3,3,3,2,3,5,3,3,1
3.91,4,1.0,0.75,5,3,4,2,4,0,0.84,2,3,5,3,3,1,2,0.89,2,3,2,1.0,2,3,0,2,2,4,3,1,1,3,3,2,5,3,2,4,1,5,3,4,2,4,5,1
2.26,1,0.99,0.69,2,1,3,5,3,4,0.57,2,1,3,5,3,2,1,0.79,1,1,4,0.72,5,2,1,2,3,3,5,2,0,2,2,4,2,3,4,5,1,3,2,1,4,3,4,2
2.9,1,0.92,0.85,2,5,4,5,1,4,0.7,2,3,2,4,3,2,1,0.93,2,3,5,0.69,2,2,1,4,3,1,5,4,2,3,3,5,3,3,1,2,2,5,1,1,5,2,4,1
2.67,4,0.84,1.0,2,3,5,3,3,2,0.87,3,1,1,2,3,2,3,0.69,3,1,1,0.79,4,2,0,4,1,3,5,3,0,3,3,1,3,5,3,3,2,5,3,4,2,3,4,2
2.97,1,0.52,0.66,3,3,1,2,2,1,0.93,3,2,2,2,4,3,1,0.92,4,2,3,0.66,4,4,0,2,4,5,2,4,0,2,4,4,2,4,4,1,5,1,2,4,4,4,4,1
1.31,0,0.94,0.9,3,3,3,2,1,4,0.9,5,1,3,4,3,2,1,0.84,3,1,2,0.45,5,3,1,2,4,1,5,1,0,3,3,2,3,3,4,3,2,2,1,2,2,2,4,0
2.59,4,0.74,0.89,3,3,3,5,2,2,0.96,2,4,2,1,5,5,0,0.66,1,4,1,0.79,3,2,1,3,4,2,3,3,0,5,5,1,3,1,4,1,5,5,5,2,3,3,2,0
2.52,0,0.77,0.95,1,2,4,4,5,3,0.81,5,5,4,3,4,3,0,0.78,4,4,4,0.95,4,5,1,5,4,5,5,5,1,5,4,5,4,5,5,5,4,4,5,4,5,5,4,2
2.54,3,0.49,0.69,2,2,3,3,3,1,0.77,4,4,3,4,1,1,2,1.0,3,4,2,0.69,2,3,1,1,3,3,4,4,0,1,1,2,5,3,3,2,5,3,1,4,3,5,2,1
3.26,2,0.98,0.79,4,1,3,3,3,1,0.89,1,5,3,1,1,1,1,0.79,3,5,3,0.79,3,2,0,1,3,3,3,4,4,1,1,3,3,5,2,1,3,1,3,1,4,2,3,1
2.83,0,0.89,1.0,2,2,4,5,2,2,0.66,2,4,3,3,1,2,1,0.79,2,4,3,0.66,2,1,0,1,3,2,4,1,0,2,2,3,4,4,2,4,2,3,1,3,2,2,5,2
1.6,3,0.92,0.73,2,5,1,3,3,0,0.85,3,3,4,5,1,2,3,1.0,4,3,2,0.69,2,2,1,2,2,3,2,3,1,3,3,2,5,3,1,3,4,3,1,1,2,2,3,2
2.19,1,0.95,0.73,3,3,2,3,5,1,0.75,4,2,4,1,3,4,3,0.93,3,2,1,0.79,4,2,1,3,4,5,4,3,1,2,2,1,3,4,2,2,3,3,2,4,4,3,3,1
3.18,3,0.92,0.72,4,1,5,4,2,4,0.7,1,3,1,5,1,1,1,1.0,5,3,3,0.69,2,3,0,1,2,2,4,3,2,3,3,3,3,3,5,3,1,1,5,3,3,3,3,1
2.17,1,1.0,0.69,4,2,3,2,1,2,0.66,2,1,2,2,5,3,2,0.66,1,1,2,0.9,5,1,1,2,5,2,2,2,0,3,3,3,3,3,5,2,2,4,4,5,5,2,1,2
2.9,1,0.85,0.9,3,3,3,1,4,2,0.6,5,4,2,3,4,2,1,0.69,3,4,2,1.0,2,2,0,1,4,4,4,4,0,3,3,2,4,5,1,2,1,1,2,4,3,2,4,2
3.28,1,1.0,0.72,3,1,3,2,2,0,0.9,2,2,2,2,2,2,1,0.96,4,2,2,0.73,4,2,1,2,3,3,2,4,0,2,2,2,3,3,2,2,2,2,3,3,3,2,3,1
2.56,2,0.9,0.7,2,2,4,4,1,1,0.7,4,3,4,5,4,5,1,0.96,3,3,1,0.64,3,1,1,3,3,1,4,1,1,1,1,1,3,2,3,4,4,1,1,2,3,3,1,2
3.05,2,0.67,0.8,1,1,5,5,5,2,0.79,5,5,5,5,5,5,0,0.85,5,5,4,0.79,5,5,0,5,5,5,5,4,1,5,4,5,4,5,5,5,5,4,5,5,5,5,5,1
2.76,3,1.0,0.6,2,1,2,2,2,1,0.79,2,3,1,4,3,2,2,0.89,3,3,3,0.79,4,3,0,3,3,2,1,4,4,3,3,3,1,4,3,3,2,2,1,2,1,3,3,1
1.88,2,0.98,0.7,1,1,2,2,3,4,0.87,2,2,4,1,3,4,3,0.9,1,2,4,0.79,5,3,1,3,3,3,2,4,2,3,3,4,1,3,3,3,2,2,2,3,3,3,1,1
2.37,0,0.92,0.69,2,2,2,3,2,1,0.69,4,4,1,2,1,4,2,0.7,4,4,3,0.89,5,3,0,3,1,2,2,3,1,3,3,3,4,3,4,5,3,3,2,1,2,3,2,2
2.75,2,0.62,0.69,2,3,2,3,2,1,0.89,4,5,3,3,5,3,2,1.0,4,5,5,0.47,2,5,1,2,5,2,5,3,0,4,4,5,3,5,4,4,5,2,1,2,4,5,3,2
2.36,2,0.94,0.7,2,5,2,4,4,4,0.93,5,4,3,3,3,3,1,0.69,1,2,3,0.35,1,3,0,3,5,4,1,2,4,5,2,3,2,4,1,1,1,4,4,1,3,1,3,1
3.38,1,0.81,0.6,1,1,3,2,1,2,0.79,4,1,3,2,2,5,3,0.68,3,1,4,1.0,4,2,0,2,3,1,1,5,0,2,2,4,5,5,1,3,2,2,3,3,5,2,4,2
2.5,4,0.94,1.0,3,3,3,3,4,0,0.89,4,3,5,4,4,4,2,0.6,2,3,2,0.7,2,2,1,4,1,4,3,3,1,3,3,2,3,1,1,1,2,3,2,5,3,4,3,1
3.88,2,0.82,0.96,3,3,1,2,2,1,1.0,4,2,2,4,2,1,2,0.67,2,2,2,0.89,4,4,0,1,1,2,2,2,1,3,3,2,5,2,3,2,2,4,1,4,5,1,4,1
2.69,1,0.71,0.75,3,1,2,2,5,4,0.59,4,4,5,4,4,5,3,1.0,1,4,4,1.0,3,2,1,1,3,5,2,1,2,2,2,4,3,4,2,3,1,3,3,1,4,2,5,2
2.59,3,0.9,0.78,2,3,3,4,2,1,0.85,2,3,3,5,3,3,1,0.96,2,3,1,0.92,1,4,0,2,5,2,4,2,4,1,1,1,3,3,2,4,1,3,4,4,1,2,4,1
1.07,1,0.79,1.0,2,3,5,4,3,0,0.7,5,2,1,3,4,1,2,0.9,4,2,2,0.75,1,4,0,3,5,3,5,1,0,4,4,2,2,1,2,3,3,4,2,4,1,3,2,2
2.34,3,0.89,0.7,2,2,4,3,4,0,0.89,4,5,1,5,5,5,2,0.7,4,5,1,1.0,4,1,0,3,5,4,3,4,0,5,5,1,2,4,3,4,1,1,2,1,3,3,2,1
2.85,1,0.82,0.7,1,5,3,3,2,2,0.63,4,3,3,4,4,3,1,0.89,3,3,3,1.0,2,2,0,4,3,2,5,2,0,3,3,3,3,2,5,4,4,1,3,3,4,1,1,1
2.67,3,0.7,0.69,4,2,4,1,4,1,0.99,4,3,3,2,5,3,3,0.79,3,3,4,0.8,3,1,1,1,1,4,3,5,2,4,4,4,3,1,3,1,4,1,3,3,4,4,2,1
2.65,3,0.76,0.79,2,5,4,3,4,1,0.79,3,2,2,4,1,4,2,0.93,3,2,3,0.99,5,5,0,3,3,4,3,5,2,2,2,3,1,5,5,2,5,5,4,1,4,5,4,2
3.05,1,0.88,0.66,4,4,4,3,3,0,0.64,3,2,2,3,3,3,2,0.9,4,3,2,1.0,2,2,0,2,3,3,2,1,0,2,2,2,2,4,3,3,2,1,3,3,3,3,2,0
3.23,3,1.0,0.69,3,0,3,3,2,0,1.0,2,3,3,2,3,5,1,0.7,3,3,3,1.0,1,4,1,5,4,2,4,3,0,3,3,3,3,3,1,1,3,5,4,1,3,3,3,1
2.81,4,0.84,0.9,1,5,1,2,2,2,0.79,2,3,3,3,2,3,3,1.0,3,3,5,0.9,4,1,0,3,3,2,4,1,4,3,3,5,4,5,2,3,3,4,4,2,3,2,5,1
3.43,1,0.93,0.99,3,5,2,5,4,4,0.87,2,2,2,4,5,5,0,0.89,3,2,3,0.66,2,5,0,3,3,4,3,3,0,4,4,3,1,3,3,4,3,5,3,4,2,3,3,1
2.07,2,1.0,0.68,3,2,1,5,1,0,0.78,3,4,3,2,2,2,0,0.57,2,4,2,0.7,5,4,1,1,1,1,2,5,4,4,4,2,5,2,2,5,3,2,2,1,3,5,4,0
2.67,1,0.59,0.69,2,1,4,4,3,1,0.8,5,5,5,2,4,4,1,0.59,2,5,5,0.69,3,2,1,2,1,3,1,4,1,1,1,5,2,3,4,1,1,1,3,3,1,3,3,1
1.17,2,1.0,0.89,1,3,4,2,2,0,0.5,4,3,1,2,4,2,2,0.69,5,2,4,0.93,4,2,0,4,4,4,1,5,2,4,2,1,4,2,1,2,4,4,4,4,4,4,4,1
2.89,3,1.0,0.93,3,0,4,2,5,4,0.9,3,2,2,3,4,3,1,0.79,3,2,4,0.91,1,2,1,5,3,5,2,5,2,3,3,4,3,2,3,1,2,2,2,3,4,1,1,1
2.65,3,0.86,0.94,4,0,2,4,1,0,0.89,1,2,1,5,3,1,0,0.9,4,2,3,0.59,1,4,1,2,4,1,2,2,1,4,4,3,3,4,3,4,2,1,3,2,4,2,4,1
2.05,3,0.95,0.93,4,5,2,2,3,2,0.8,4,1,2,3,2,2,1,0.7,4,1,1,0.9,4,2,1,1,1,3,4,4,4,4,4,1,4,3,4,2,5,2,3,2,2,2,2,1
3.02,1,0.92,0.84,4,3,1,3,3,0,0.69,3,3,5,1,1,4,1,0.89,3,3,4,0.66,4,5,0,3,3,3,1,2,0,3,3,4,4,1,3,1,3,2,4,5,3,4,2,1
3.27,0,0.97,0.79,3,5,4,4,5,2,0.9,5,2,3,1,3,2,2,0.79,2,2,4,0.89,2,4,0,4,4,5,4,5,0,3,3,4,3,3,4,1,2,2,3,1,2,4,2,2
3.48,2,0.89,0.8,1,3,3,2,2,1,0.45,3,2,3,3,3,3,1,0.78,3,2,3,0.8,3,3,0,4,3,2,2,3,2,2,2,3,3,2,3,3,3,3,2,3,3,3,2,1
2.91,0,0.88,0.91,4,5,2,2,2,3,0.93,2,4,5,2,1,3,1,0.7,2,4,2,0.79,2,5,0,4,3,2,2,5,0,3,3,2,3,1,1,3,1,2,2,2,1,5,4,1
2.21,1,0.51,0.79,2,3,4,5,3,2,0.69,1,3,5,2,3,5,2,0.9,1,3,1,0.69,4,2,1,5,3,3,2,2,4,3,3,1,1,2,2,1,2,3,1,5,2,4,1,0
2.43,0,0.91,0.9,5,3,3,3,1,2,1.0,2,1,5,5,5,3,1,0.79,4,1,5,0.93,5,5,0,3,2,1,3,4,1,2,2,5,3,4,4,3,1,2,4,1,3,3,2,2
3.45,2,0.96,0.67,4,1,5,3,3,0,0.9,3,3,3,1,4,1,0,0.6,4,3,2,0.7,1,3,0,5,1,3,4,5,1,3,3,2,3,4,5,4,4,5,5,5,5,3,2,1
3.32,4,0.84,0.73,3,1,5,1,2,0,0.69,4,1,4,4,4,1,1,0.78,3,1,3,0.92,4,2,0,3,3,2,4,2,0,1,1,3,2,4,2,3,1,5,1,5,3,2,2,1
2.22,0,0.85,1.0,1,1,1,4,2,1,0.79,2,2,2,4,4,4,3,1.0,4,2,3,0.79,5,3,0,2,3,2,4,3,0,2,2,3,4,3,3,4,4,2,4,3,1,2,4,1
2.81,2,0.56,0.71,5,0,4,5,5,2,0.89,5,5,5,5,5,5,0,0.89,5,5,3,0.73,5,5,1,5,4,5,5,5,1,5,5,4,5,5,4,5,5,4,5,5,5,5,5,1
3.41,1,0.71,0.87,4,1,1,1,4,0,0.79,2,3,3,3,1,1,0,0.89,2,3,4,0.77,2,3,0,4,3,4,1,5,1,5,5,4,3,4,2,1,3,4,4,2,3,2,3,1
3.08,1,1.0,0.93,3,3,2,1,3,1,0.6,1,5,5,3,2,1,1,0.77,5,5,2,0.69,3,3,0,2,2,3,4,3,1,1,1,2,2,5,5,1,2,3,2,3,3,2,2,1
3.02,4,0.84,0.7,2,1,2,4,4,1,0.78,1,5,5,4,3,5,1,1.0,3,5,2,0.8,2,4,1,3,1,4,3,5,0,3,3,2,4,3,3,2,2,4,2,3,2,3,5,1
2.35,3,0.47,0.7,4,2,3,4,2,0,0.69,1,2,4,3,5,2,1,0.84,5,2,4,1.0,4,3,1,2,3,2,3,5,0,2,2,4,4,2,2,4,5,3,3,5,1,4,2,1
2.81,2,0.8,0.7,3,5,3,4,1,0,0.9,4,4,5,4,5,3,2,0.85,2,4,4,0.89,2,2,0,2,4,1,4,2,2,3,3,4,4,2,1,2,3,4,2,1,2,2,3,1
3.3,3,0.66,0.69,4,2,3,1,3,1,0.79,1,3,3,3,4,2,1,0.78,4,3,1,0.93,3,4,1,3,3,3,3,5,0,3,3,1,5,2,5,3,2,4,3,4,2,3,1,2
3.15,1,0.77,0.85,3,5,3,2,3,4,0.7,2,3,2,4,2,1,1,0.96,3,3,3,0.67,3,4,1,5,3,3,2,4,0,4,4,3,3,2,4,2,2,5,3,2,3,3,4,0
2.63,1,1.0,0.7,3,3,2,2,3,0,0.73,1,2,3,3,3,3,1,0.59,5,2,4,0.7,2,2,1,3,4,3,3,4,1,3,3,4,1,2,4,3,2,5,2,3,2,3,3,2
2.29,4,0.8,0.89,2,5,1,1,4,1,0.8,1,3,2,3,5,3,1,0.79,4,3,1,0.89,3,5,1,5,1,4,4,2,0,2,2,1,1,3,4,4,3,5,4,3,5,5,1,2
3.22,0,1.0,0.79,2,3,4,1,4,2,0.89,4,3,3,2,2,4,3,0.69,3,3,1,0.88,5,2,1,5,5,4,2,3,2,3,3,1,4,5,3,2,3,2,3,4,4,1,4,2
2.28,3,0.73,0.88,4,5,2,1,3,2,0.9,4,4,3,3,2,4,3,0.79,2,4,1,0.6,5,3,0,3,2,3,4,1,1,5,5,1,4,2,2,3,3,4,2,3,4,3,1,0
2.39,1,0.88,0.88,5,1,4,2,2,0,0.75,2,4,3,5,2,2,1,0.93,3,4,5,0.78,3,3,0,3,3,2,3,4,0,4,4,5,4,2,2,3,4,1,4,5,3,4,1,1
1.98,3,0.76,0.87,3,1,5,3,2,1,0.91,2,2,2,3,3,2,3,0.89,2,2,4,1.0,3,1,1,2,1,2,4,3,1,4,4,4,4,4,4,4,3,5,2,4,3,4,3,2
2.53,2,0.86,0.8,3,1,4,1,2,2,0.8,4,4,1,2,4,2,1,0.67,2,2,2,0.92,3,3,0,2,2,4,2,4,0,4,2,4,2,1,3,1,2,2,2,2,2,2,4,1
2.86,3,1.0,0.6,3,2,2,2,2,0,0.93,1,3,3,2,3,1,1,1.0,3,3,1,1.0,4,5,1,3,1,2,4,1,0,3,3,1,2,2,4,3,1,2,1,3,3,1,3,2
3.14,2,0.69,0.63,4,2,2,1,3,0,0.9,5,4,4,2,2,4,2,0.7,4,4,2,0.9,4,5,0,1,2,3,1,2,1,3,3,2,1,2,2,1,1,2,3,2,1,3,5,0
2.87,2,0.82,0.69,3,1,5,4,2,2,0.8,5,2,1,2,3,3,3,0.75,3,2,5,0.69,1,2,0,2,4,2,3,2,0,4,4,5,4,2,2,4,2,4,3,4,3,1,4,1
2.11,2,0.94,0.79,2,1,3,4,3,2,0.92,4,4,5,1,4,1,1,0.69,5,4,4,0.9,1,3,1,1,4,3,2,4,0,4,4,4,4,1,3,3,3,3,4,3,3,4,2,1
2.88,2,0.88,1.0,4,2,3,1,2,0,0.87,3,3,2,3,3,2,1,0.69,1,3,2,0.64,5,4,0,4,3,2,5,2,1,4,4,2,4,1,3,5,2,1,2,5,5,2,2,1
2.3,0,0.94,0.78,2,2,5,1,1,2,0.87,2,2,2,4,2,1,1,0.9,4,2,5,0.93,4,4,0,2,4,1,3,2,0,2,2,5,2,4,4,3,3,3,2,1,4,3,2,1
3.41,3,0.86,0.84,2,2,1,2,5,2,1.0,3,3,3,4,1,5,1,0.89,3,3,4,0.9,5,1,1,4,3,5,3,1,0,4,4,4,4,3,1,1,3,2,3,1,2,5,4,1
3.41,2,0.92,0.87,2,2,4,3,3,1,0.6,5,3,3,2,3,3,3,0.89,1,3,4,0.89,3,3,0,3,3,3,2,2,2,4,4,4,2,3,2,1,1,3,1,3,3,1,5,1
3.48,3,0.62,1.0,4,5,4,2,4,2,0.77,2,3,2,2,3,1,0,0.68,3,3,4,1.0,3,1,1,1,3,4,4,3,1,2,2,4,4,4,5,1,3,2,1,5,5,5,5,2
2.36,1,0.61,0.9,3,5,3,1,4,3,0.84,5,2,4,3,3,4,2,1.0,3,2,1,0.69,3,3,1,3,2,4,1,3,0,2,2,1,1,2,3,4,2,3,5,3,3,5,2,1
3.22,0,0.86,1.0,3,1,3,2,3,2,0.91,3,3,3,4,2,4,2,0.69,1,3,5,1.0,1,1,1,1,3,3,3,3,2,1,1,5,4,2,1,4,4,2,1,2,3,1,4,1
2.52,4,0.94,0.7,1,5,3,2,2,2,0.79,5,2,5,3,2,3,3,1.0,1,2,4,0.66,4,4,0,4,4,2,2,3,0,4,4,4,3,3,2,4,2,1,2,2,1,5,3,1
2.93,0,0.94,0.7,1,1,3,3,2,0,1.0,3,5,5,3,4,3,2,0.69,2,5,3,0.99,1,4,0,3,2,2,1,2,0,1,1,3,5,5,2,4,3,4,1,3,2,3,4,2
2.4,1,1.0,0.79,2,3,4,2,2,2,0.9,3,4,5,2,4,2,2,0.79,3,4,5,0.9,3,2,1,2,4,2,2,2,0,2,2,5,2,2,4,3,4,2,1,2,1,1,2,2
3.17,1,0.9,0.69,3,3,1,3,4,4,0.6,2,2,5,2,5,4,2,0.7,5,2,2,0.6,2,4,0,2,3,4,1,3,0,4,4,2,4,1,1,3,5,2,2,3,2,5,3,1
2.91,2,0.84,0.7,5,1,2,3,3,3,1.0,2,3,5,1,3,4,1,0.92,2,3,4,0.89,3,3,1,2,4,3,2,4,0,5,5,4,4,5,3,2,3,2,3,2,1,2,3,2
1.88,1,0.66,0.69,1,3,5,4,5,2,0.69,1,4,3,2,3,2,0,0.89,4,4,3,1.0,2,2,1,2,3,5,3,5,0,3,3,3,2,1,4,1,3,5,1,3,1,3,1,1
2.16,2,0.9,0.89,3,3,5,4,3,1,1.0,1,4,1,5,2,3,0,1.0,5,4,3,0.92,3,3,0,3,3,3,2,2,0,2,2,3,1,4,2,2,2,1,2,3,2,3,3,2
2.77,1,0.81,0.93,2,5,5,1,3,1,0.77,5,1,3,3,3,3,3,0.92,1,1,1,0.7,4,3,0,2,2,3,1,1,0,1,1,1,1,1,1,3,5,4,2,4,1,4,2,1
2.9,3,0.77,0.89,3,1,4,5,3,1,0.92,2,3,1,3,5,2,1,1.0,5,3,5,0.89,2,5,0,1,4,3,5,3,4,3,3,5,2,2,2,3,4,3,3,4,2,1,3,0
1.12,1,0.93,1.0,3,1,2,2,4,0,0.6,3,3,3,3,1,4,1,0.78,3,3,5,0.7,3,4,0,4,2,4,2,5,0,2,2,5,3,2,3,4,3,2,1,4,3,1,4,2
2.78,2,0.57,0.78,4,3,4,3,4,1,0.88,5,4,5,3,4,1,2,0.78,1,4,1,0.69,4,4,0,2,5,4,3,2,0,1,1,1,3,5,1,3,5,5,2,2,3,4,3,1
1.69,1,0.89,0.68,3,2,1,4,1,1,0.73,5,2,1,5,2,2,1,0.93,1,2,4,0.59,5,3,1,2,3,1,3,2,1,3,3,4,4,3,1,3,3,1,3,3,2,3,5,1
1.95,3,1.0,0.7,2,1,4,5,4,1,1.0,2,4,4,3,4,3,2,0.89,3,4,1,0.78,3,5,0,3,1,4,4,5,0,4,4,1,3,5,3,3,5,1,4,3,5,2,2,1
2.5,1,0.86,0.7,3,1,4,3,3,2,0.79,3,2,2,2,4,1,1,0.69,3,2,3,0.78,5,5,0,3,3,3,1,4,2,3,3,3,2,4,4,3,2,3,4,2,2,4,2,2
2.79,1,0.93,0.6,4,1,3,4,2,1,0.79,2,4,3,4,4,3,2,0.78,3,4,4,0.98,4,2,0,2,3,2,3,5,1,3,3,4,1,2,4,5,3,2,3,4,3,2,4,1
3.71,1,0.82,0.79,4,2,2,2,3,2,0.93,2,3,3,1,2,3,3,0.9,3,3,3,1.0,3,1,0,5,3,3,4,2,0,4,4,3,4,2,2,2,4,2,3,3,3,2,4,1
2.35,1,1.0,0.79,2,2,4,3,4,0,0.9,1,4,2,5,4,3,3,0.79,4,4,2,0.79,1,2,0,1,5,4,2,2,1,1,1,2,2,4,1,2,4,2,1,3,3,3,4,1
2.64,2,0.95,0.79,3,3,3,5,4,1,0.89,2,1,3,3,1,3,2,0.7,2,1,3,0.99,5,3,0,4,3,4,3,3,0,3,3,3,2,4,2,4,2,4,2,3,2,2,1,0
3.31,4,0.74,0.79,2,5,1,2,3,1,0.8,5,5,5,4,4,1,1,0.9,1,5,4,0.69,2,3,1,1,4,3,4,4,0,1,1,4,4,4,3,2,4,2,4,5,1,3,4,1
3.02,2,0.8,0.78,2,2,3,2,5,2,0.7,1,4,1,5,3,1,1,0.7,5,4,3,0.79,3,5,0,3,4,5,2,2,0,4,4,3,3,2,4,4,5,2,4,5,4,3,2,1
3.19,3,0.96,0.79,2,1,3,4,1,0,0.69,3,1,1,3,3,2,1,0.79,3,1,2,0.6,4,5,0,3,1,1,2,4,1,5,5,2,4,4,4,4,3,1,1,5,4,3,3,1
2.81,2,0.89,0.7,3,0,2,2,4,1,0.84,4,4,2,2,4,3,2,0.89,3,4,3,0.79,3,5,1,1,3,4,5,3,2,3,3,3,1,3,4,3,2,3,4,4,4,3,2,1
2.93,3,0.91,1.0,2,5,4,2,3,0,0.69,3,1,2,5,1,4,2,0.89,4,1,1,0.78,1,2,1,4,4,3,2,3,0,3,3,1,2,2,1,5,4,3,3,3,2,3,3,0
2.9,1,0.97,0.9,2,4,3,2,2,0,0.66,2,3,1,3,4,1,3,0.99,1,2,4,0.93,4,2,1,2,2,3,3,3,0,2,3,3,1,3,2,2,2,1,2,3,4,4,3,1
3.39,1,0.87,0.84,3,1,3,1,1,2,0.66,4,4,5,3,2,4,1,0.89,2,4,4,0.7,3,1,0,5,1,1,1,3,4,3,3,4,2,3,2,1,4,3,5,1,4,5,3,2
2.98,4,0.77,0.79,3,3,5,4,3,2,0.72,2,1,2,4,1,2,2,1.0,3,1,4,0.9,1,1,1,4,2,3,5,5,2,1,1,4,4,3,3,4,3,2,1,3,3,2,2,0
2.76,2,0.78,1.0,2,3,2,3,3,4,1.0,2,3,4,4,2,1,2,0.79,4,3,1,0.69,3,2,0,5,3,3,1,3,1,2,2,1,1,2,4,2,3,2,2,3,3,2,1,2
2.41,2,0.8,1.0,3,5,1,3,3,1,0.66,1,3,5,2,1,5,2,0.79,3,3,2,0.96,4,1,0,1,2,3,4,4,0,2,2,2,4,2,2,2,2,5,5,3,3,3,3,0
2.57,1,0.93,0.78,5,1,5,1,3,0,0.68,4,3,2,1,2,5,1,0.89,1,3,2,1.0,4,3,1,5,4,3,2,1,2,4,4,2,4,4,3,3,4,5,2,4,2,4,3,1
2.26,2,0.93,0.6,4,2,3,4,2,2,0.82,3,2,3,2,4,4,2,0.88,2,2,2,0.75,3,2,0,3,2,2,3,2,1,2,4,4,3,2,3,2,3,2,3,3,3,4,1,1
1.74,3,0.85,0.79,5,2,1,1,2,0,1.0,5,1,1,1,5,5,1,0.91,5,2,1,0.93,5,1,0,1,5,1,1,4,1,1,1,1,1,4,2,1,1,1,1,5,5,1,1,2
2.57,1,0.87,0.91,3,3,4,2,4,4,0.79,5,4,2,1,4,4,1,0.92,2,4,4,0.88,1,3,0,1,1,4,2,4,1,5,5,4,1,1,1,2,4,1,3,5,3,4,4,1
2.74,3,1.0,0.9,4,2,2,2,4,2,0.7,3,2,4,2,2,3,3,0.69,2,2,1,0.79,4,5,1,3,5,4,2,1,0,2,2,1,2,1,4,5,4,2,1,4,3,2,4,1
2.61,1,0.92,1.0,3,3,4,1,3,1,0.9,1,2,4,2,2,1,2,1.0,4,2,2,0.69,3,5,0,5,2,3,3,4,1,2,2,2,3,5,5,3,2,5,4,3,4,3,4,1
2.14,0,0.93,0.68,4,1,5,1,2,2,0.73,5,5,4,1,1,4,1,1.0,1,5,2,0.91,2,2,1,3,2,2,3,1,1,3,3,2,3,1,2,3,1,2,3,1,3,3,1,2
3.09,4,0.74,0.89,2,3,2,3,3,0,0.79,4,4,2,4,3,1,0,0.6,5,4,4,0.89,3,2,0,1,3,3,3,2,1,3,3,4,3,1,3,5,3,2,5,4,3,3,1,2
1.57,2,0.47,0.89,2,1,2,3,2,2,0.5,2,3,4,3,2,4,2,0.7,1,3,3,0.92,2,3,1,3,2,2,3,2,0,3,3,3,3,3,5,4,2,2,4,2,4,3,3,2
3.02,2,0.87,0.89,2,1,4,1,1,1,0.7,2,3,4,1,3,2,2,0.6,3,3,2,0.89,3,4,0,2,4,1,1,4,0,4,4,2,1,2,1,4,1,4,5,1,3,1,3,1
2.19,4,0.73,0.88,2,1,1,2,1,3,0.79,5,3,3,1,4,2,2,0.73,2,3,3,0.8,3,4,1,3,2,1,3,4,0,2,2,3,4,3,3,5,3,1,2,3,4,3,3,1
2.52,1,0.78,0.7,3,5,1,2,2,0,0.99,5,5,4,4,3,1,1,0.79,3,5,2,0.7,3,4,1,4,5,2,4,5,0,2,2,2,5,2,1,3,3,1,2,4,2,2,2,1
1.95,2,0.49,0.68,5,2,5,5,5,0,0.32,4,5,5,5,5,5,1,0.73,5,5,5,0.68,5,5,1,5,5,5,4,5,0,5,5,5,5,5,5,5,5,5,5,4,4,5,5,0
2.11,1,0.85,0.7,5,5,3,1,4,1,0.7,5,2,4,2,1,4,3,0.87,2,2,1,1.0,2,3,0,3,4,4,2,4,4,1,1,1,4,5,1,2,3,3,2,5,2,1,3,2
3.38,1,0.78,0.69,1,1,3,2,2,1,0.69,3,2,2,4,2,2,1,0.79,3,2,3,0.78,5,1,0,2,1,2,1,3,1,1,1,3,4,2,1,2,3,1,3,3,1,2,4,1
2.93,1,0.88,0.78,1,1,3,1,2,1,0.59,4,3,5,5,3,2,1,0.79,2,3,5,0.79,2,1,0,3,2,2,3,2,0,4,4,5,4,5,2,1,4,1,1,4,2,3,4,2
3.06,1,0.72,1.0,2,1,2,4,2,0,0.78,1,1,5,3,3,1,0,0.69,2,1,5,0.7,3,4,1,3,4,2,2,3,4,4,4,5,2,2,3,5,2,3,3,4,3,5,3,2
2.98,1,0.91,0.7,3,1,3,1,5,4,0.89,1,2,2,2,2,3,1,1.0,4,2,3,0.6,5,4,0,1,3,5,2,4,0,2,2,3,3,2,2,3,1,2,3,4,3,2,3,1
2.5,1,0.84,0.66,2,2,1,2,3,1,0.89,1,2,3,3,4,1,1,0.79,5,2,2,0.79,1,5,0,4,1,3,2,4,1,2,2,2,4,4,3,3,4,4,2,4,5,5,4,0
1.52,2,0.78,0.79,1,1,5,2,2,0,1.0,3,5,5,3,4,5,3,0.93,2,5,4,0.67,3,1,1,2,2,2,1,2,1,3,3,4,3,1,1,3,3,1,2,1,5,2,2,1
2.93,4,0.72,0.59,2,3,2,2,3,1,0.69,2,1,1,5,2,2,2,0.99,4,1,4,0.79,3,5,1,4,1,3,4,3,4,1,1,4,3,3,5,4,2,2,3,1,2,2,1,1
2.67,3,0.65,0.57,3,4,1,2,3,2,0.79,3,2,3,2,3,2,0,0.89,3,2,2,0.96,3,3,1,2,3,3,2,2,0,2,2,2,1,4,1,1,2,3,2,2,4,2,2,0
2.3,3,0.95,1.0,3,1,5,3,2,0,0.9,4,2,1,5,3,4,2,0.79,3,2,1,0.89,2,2,1,5,3,2,4,3,0,5,5,1,2,1,3,5,4,4,4,4,2,4,3,1
3.17,3,0.8,0.89,3,1,1,2,1,1,0.8,2,2,2,1,2,3,1,0.72,2,3,3,0.78,1,1,1,3,2,2,2,4,0,4,3,4,4,2,3,1,2,2,4,1,1,3,2,0
3.74,3,0.88,0.9,2,3,3,4,1,0,0.89,4,3,2,2,3,4,3,0.93,1,3,4,1.0,4,5,0,3,1,1,4,5,1,1,1,4,4,3,2,4,4,3,4,2,4,3,2,1
3.54,1,0.84,0.79,2,1,4,3,2,3,0.9,1,3,1,2,5,3,1,0.7,2,3,3,0.79,5,5,1,2,3,2,2,5,2,1,1,3,4,3,3,4,2,2,5,5,3,3,2,1
2.31,4,0.7,0.77,2,2,3,3,4,1,0.89,2,3,5,2,3,1,3,0.7,4,3,2,0.91,4,4,0,4,3,4,3,1,0,3,3,2,2,5,5,4,4,3,1,2,2,3,3,2
2.75,1,0.9,0.55,2,3,1,3,4,0,1.0,5,4,3,2,3,2,2,0.69,4,4,1,0.7,5,4,1,4,4,4,4,2,0,3,3,1,4,2,2,2,4,3,4,2,2,3,1,1
2.16,2,0.68,0.83,3,5,5,2,2,0,0.89,2,4,4,2,3,3,3,0.7,2,4,5,0.73,5,3,1,1,3,2,3,2,1,2,2,5,3,5,3,5,2,4,3,3,3,2,3,0
2.43,0,0.93,0.59,2,3,1,1,2,3,0.64,2,2,1,1,1,2,2,0.75,3,1,2,0.84,2,1,1,2,3,2,2,1,2,2,2,2,1,3,1,2,1,2,2,1,3,3,2,2
2.05,1,0.64,0.69,2,3,5,5,3,4,0.96,1,4,2,3,3,3,0,0.79,2,4,3,0.7,1,4,1,1,4,3,3,3,2,1,1,3,1,3,4,4,3,1,4,3,3,1,1,1
3.26,1,0.99,0.69,5,2,3,3,2,4,0.93,2,4,5,2,3,1,2,0.89,4,4,1,0.8,2,3,1,5,5,2,1,5,0,4,4,1,3,2,5,1,1,4,1,5,3,1,2,1
2.94,2,1.0,0.69,3,5,2,1,3,0,0.78,5,4,5,1,3,4,1,0.9,4,4,3,0.69,4,2,0,2,2,3,1,3,1,3,3,3,2,3,2,1,2,3,2,3,5,3,1,2
1.45,1,0.78,0.4,4,2,1,2,5,1,1.0,2,3,2,5,3,1,3,0.9,3,3,4,0.78,5,3,0,2,4,5,3,2,4,4,4,4,2,4,1,3,2,5,3,2,4,4,5,2
3.43,4,0.86,0.79,2,3,3,4,2,1,0.62,2,2,2,1,3,3,2,0.7,3,2,1,0.79,3,3,1,2,3,2,3,2,0,4,4,1,4,1,3,5,4,3,5,4,1,3,4,1
3.59,1,0.95,0.6,3,2,3,2,1,2,0.7,2,1,1,1,1,4,1,1.0,4,1,2,0.9,2,2,0,4,4,1,4,4,0,4,4,2,2,5,1,4,4,1,5,2,3,4,3,1
3.41,1,0.99,0.77,3,5,4,3,2,1,0.68,3,5,1,3,4,2,0,0.78,3,5,2,1.0,3,5,1,3,3,2,3,4,0,2,2,2,1,2,4,2,3,2,1,5,3,2,3,0
3.35,1,0.8,0.79,4,1,5,5,3,0,0.89,1,5,4,4,4,2,1,0.89,3,5,1,0.6,2,2,0,4,1,3,3,4,2,5,5,1,4,3,4,2,5,4,2,3,3,3,1,0
3.15,1,0.8,0.6,3,2,2,3,3,2,0.93,2,2,5,5,1,2,1,0.7,5,2,3,0.6,4,3,1,4,1,3,3,4,0,1,1,3,5,5,3,3,1,3,3,1,2,2,4,2
3.04,3,0.88,0.92,2,1,4,1,1,0,0.79,2,5,3,2,2,4,2,0.7,2,5,3,0.89,2,2,1,4,5,1,4,3,0,2,2,3,3,5,4,1,4,2,3,2,3,4,2,1
3.76,4,0.86,0.89,2,2,1,1,4,0,0.92,4,3,5,2,1,3,1,0.89,3,3,1,0.78,5,4,0,1,3,4,2,1,1,2,2,1,4,2,3,3,3,3,1,2,1,5,3,1
3.02,3,0.77,0.79,3,3,1,2,4,0,0.93,2,4,1,2,3,2,3,0.68,4,4,2,0.93,1,3,0,1,3,4,4,1,0,3,3,2,5,4,1,5,1,2,5,3,2,5,1,0
3.06,1,0.72,0.69,2,3,4,4,2,0,0.96,2,3,1,2,3,2,2,0.93,3,3,4,0.89,1,3,0,2,5,2,3,4,1,4,4,4,1,1,3,5,3,2,1,2,4,5,3,1
2.81,1,0.63,0.8,4,1,5,2,2,4,0.8,1,2,3,2,4,3,1,0.9,4,2,4,0.6,4,3,1,3,4,3,2,4,0,2,4,3,3,4,1,1,2,2,3,5,4,2,4,1
1.81,3,0.86,1.0,3,1,2,2,2,0,1.0,2,2,2,2,4,2,1,0.93,4,2,2,0.68,4,2,0,2,4,4,2,4,0,2,2,2,2,2,2,2,2,2,2,4,4,2,4,0
2.94,2,0.85,0.91,4,1,5,3,4,1,0.77,3,3,4,3,5,4,2,1.0,2,3,4,0.87,3,1,0,1,5,4,4,2,0,2,2,4,4,2,2,2,1,2,2,1,2,1,3,2
3.24,2,0.93,0.6,2,1,5,2,3,2,0.79,3,2,2,4,4,2,1,1.0,4,2,4,0.79,4,3,0,3,4,3,1,1,0,2,2,4,3,1,5,2,5,2,2,3,1,3,3,1
2.55,3,0.91,1.0,5,3,2,2,4,1,0.96,3,3,4,3,2,2,2,0.69,2,3,3,0.89,2,4,1,3,3,4,4,4,0,5,5,3,4,1,1,4,2,5,1,3,2,1,4,1
2.57,1,0.94,0.79,3,1,4,2,3,4,0.67,5,3,2,5,1,3,2,0.69,2,3,3,0.66,3,4,1,2,3,3,4,2,0,4,4,3,3,5,1,5,2,5,4,2,3,3,3,2
2.53,3,0.6,0.93,2,1,3,2,2,2,0.8,2,2,2,2,4,4,2,0.9,2,2,3,0.9,4,2,0,3,4,2,2,4,0,2,2,2,2,4,2,2,2,3,3,4,4,2,2,1
2.22,3,0.88,0.9,2,5,4,2,3,1,0.7,2,4,5,2,1,3,3,1.0,4,4,1,0.73,2,4,0,2,2,3,2,3,0,4,4,1,3,4,3,1,1,4,4,4,3,5,4,1
3.4,3,0.87,0.72,1,3,1,4,2,2,0.79,5,3,2,4,4,3,1,0.79,4,3,2,0.69,5,1,1,4,2,2,4,4,1,2,2,2,5,2,4,3,1,3,3,3,4,5,3,0
2.35,2,0.98,0.59,5,2,5,1,3,4,0.69,3,2,5,4,1,3,2,0.88,4,2,2,0.89,3,2,1,2,1,3,2,4,1,2,2,2,2,2,3,4,5,2,3,5,4,3,3,1
3.35,1,1.0,0.66,3,1,4,4,4,2,0.89,2,1,1,3,3,1,1,0.9,5,1,5,0.8,3,3,1,2,4,4,3,2,0,1,1,5,2,5,2,2,3,4,3,4,1,2,3,1
2.98,0,0.91,0.89,4,3,2,2,2,0,0.99,3,2,5,4,2,1,1,0.91,5,2,1,0.7,2,4,0,1,5,2,4,3,4,3,3,1,3,4,4,2,4,3,2,4,3,3,4,1
2.74,0,0.89,0.91,5,1,2,2,3,0,0.78,3,4,2,2,4,3,1,0.93,3,2,2,0.69,3,1,1,3,3,3,2,2,0,1,2,3,2,4,3,2,2,2,3,3,4,2,3,1
2.98,3,0.91,0.89,4,3,2,4,3,0,0.79,3,4,3,5,4,5,1,0.69,1,4,1,0.69,3,3,1,2,3,3,5,2,4,2,2,1,2,3,2,1,4,3,2,2,3,3,5,1
1.83,0,0.93,0.89,3,2,4,1,1,4,0.8,2,2,2,2,2,2,2,0.7,2,2,2,0.72,1,3,0,3,2,3,2,3,0,2,3,2,2,3,2,1,3,1,2,3,3,2,3,1
2.81,1,0.9,0.69,2,5,5,1,5,0,0.7,4,5,4,3,4,4,2,0.85,4,5,2,0.89,4,1,0,2,2,5,1,1,0,5,5,2,2,4,1,1,5,3,1,4,2,4,3,1
2.52,3,0.73,0.7,4,5,5,3,5,0,0.88,3,2,2,2,4,2,3,0.9,3,2,5,0.8,4,3,0,3,3,5,2,5,2,4,4,5,3,2,1,1,3,2,2,4,2,4,2,1
3.15,3,0.85,0.91,1,3,2,4,3,0,0.7,2,4,3,2,3,1,2,0.7,2,4,1,0.79,2,5,1,3,2,3,3,4,1,3,3,1,2,3,5,2,4,4,1,5,1,2,4,1
3.81,3,0.95,0.69,4,3,2,1,3,0,0.9,4,3,1,1,3,1,1,0.7,3,2,1,0.69,3,2,1,2,1,5,1,3,0,1,2,2,2,1,2,1,1,1,5,2,1,1,2,1
2.42,1,0.75,0.9,5,2,5,5,3,1,0.79,2,3,3,4,3,2,2,0.94,3,3,1,0.8,3,3,1,1,1,3,3,3,1,4,4,1,2,2,4,5,2,4,3,3,1,4,3,1
2.44,1,0.7,0.69,3,3,1,2,3,1,1.0,4,1,3,2,4,2,1,0.79,3,1,2,1.0,3,3,0,2,2,3,3,3,1,5,5,2,5,3,4,2,3,4,4,1,4,3,5,1
3.19,0,0.83,0.79,4,5,4,5,2,1,0.79,3,5,1,4,4,1,1,0.98,4,5,3,1.0,2,4,0,4,2,2,2,1,0,4,4,3,3,3,4,3,2,3,1,5,4,2,2,1
3.27,0,0.7,0.52,4,2,3,4,5,1,0.99,4,1,3,2,4,4,2,0.79,3,1,2,0.89,1,1,1,3,3,5,1,2,1,3,3,2,4,3,3,4,4,3,3,1,3,5,2,1
3.35,4,1.0,0.77,2,1,5,3,3,1,1.0,4,3,5,5,5,2,1,0.7,2,3,3,1.0,2,3,1,4,5,3,3,1,2,5,5,3,2,2,4,3,2,2,2,1,1,4,2,1
2.85,1,0.83,0.89,2,1,3,3,3,4,0.7,3,2,4,4,5,1,2,1.0,2,2,3,0.7,3,4,0,4,3,3,1,2,0,1,1,3,2,1,3,4,3,1,2,2,3,4,2,1
2.63,1,0.99,0.91,4,1,3,5,3,2,1.0,5,4,2,3,4,5,3,0.9,2,4,1,0.67,4,2,1,3,2,3,2,1,0,2,2,1,3,4,2,2,3,5,2,1,3,4,5,0
2.59,2,0.91,0.89,3,1,3,4,1,0,0.89,1,3,1,5,5,5,3,0.6,4,3,3,0.88,3,2,0,2,3,1,2,1,4,3,3,3,3,3,4,2,4,3,2,1,4,3,2,1
3.33,3,0.82,0.7,2,3,3,1,3,0,0.91,4,2,2,3,4,4,2,0.89,2,2,4,0.83,1,3,1,3,3,3,5,4,2,3,3,4,1,2,5,3,5,4,3,1,3,4,2,2
1.57,1,0.97,0.76,4,2,4,5,3,2,1.0,2,2,2,3,3,4,2,0.7,2,2,3,0.69,1,4,1,5,2,3,3,2,2,4,4,3,3,3,4,1,4,4,3,5,4,5,1,1
3.61,3,0.92,0.96,3,2,4,1,3,1,0.88,2,1,3,1,4,1,2,0.77,2,1,3,0.69,3,3,1,5,4,3,4,2,0,1,1,3,1,4,3,2,2,4,3,3,2,3,2,0
2.79,2,0.89,0.89,5,5,3,5,3,0,0.89,3,2,2,3,5,2,1,0.79,3,2,2,0.79,5,3,1,2,3,3,2,3,2,5,5,2,2,2,2,5,4,4,2,4,4,4,4,0
3.43,1,0.77,0.79,4,1,1,3,2,4,0.7,2,2,2,3,3,3,2,0.7,4,2,3,0.8,5,2,1,2,1,2,1,3,1,5,5,3,4,2,2,1,3,2,2,3,1,1,3,1
2.37,4,0.86,0.89,4,1,3,1,2,2,1.0,1,3,3,5,3,2,2,0.7,4,3,2,0.7,1,3,1,1,3,2,3,2,4,2,2,2,4,4,2,2,5,3,1,2,3,3,2,1
2.48,3,0.96,0.77,3,3,2,4,1,0,0.69,2,1,3,4,1,4,2,0.7,2,1,3,0.7,1,3,1,2,3,1,1,2,0,4,4,3,1,2,4,2,3,1,2,4,4,2,1,2
2.55,3,0.95,0.9,5,3,4,3,4,1,0.78,5,2,4,1,1,3,2,0.7,1,2,3,0.7,2,4,1,1,2,4,2,2,0,1,1,3,1,3,1,4,3,3,2,4,2,2,5,1
1.64,2,0.9,0.79,4,2,1,2,1,0,0.76,2,3,2,1,2,1,1,1.0,4,1,2,0.57,4,1,1,1,4,2,1,4,0,1,3,1,2,5,4,1,1,2,2,5,1,2,4,0
2.33,1,0.59,0.89,1,5,2,3,1,4,0.89,5,5,4,2,1,2,1,0.7,3,5,2,0.69,1,5,1,5,2,1,2,2,1,4,4,2,1,4,5,2,1,5,3,3,4,2,5,1
2.33,4,0.87,0.69,3,5,4,3,3,0,0.89,4,4,2,2,3,3,3,0.75,1,4,1,0.6,2,4,1,5,3,3,2,2,0,5,5,1,2,3,3,5,2,5,3,4,5,4,2,1
3.48,2,0.85,1.0,3,5,4,2,1,1,0.99,5,2,2,3,4,4,2,0.89,3,2,5,0.77,2,5,0,2,3,1,1,1,2,1,1,5,2,3,3,1,1,1,1,2,2,2,2,1
2.43,1,0.95,0.8,4,2,3,3,2,2,0.89,1,4,2,1,3,3,1,0.66,4,4,3,0.88,4,4,0,3,2,2,1,4,1,2,2,3,1,3,4,4,3,3,1,4,1,3,2,0
2.89,3,1.0,0.9,1,3,3,4,3,1,0.6,3,3,5,2,3,2,1,0.69,1,3,2,1.0,5,2,1,3,2,3,2,4,0,4,4,2,3,1,3,4,1,3,2,3,1,3,1,1
2.78,2,0.72,0.81,2,2,1,3,1,1,0.77,3,3,3,2,4,3,2,0.7,2,3,4,0.81,5,3,0,3,4,5,3,4,0,3,5,4,2,5,4,2,5,1,3,5,3,4,4,1
2.41,0,0.88,0.7,3,3,2,5,2,4,0.9,3,5,5,2,4,3,1,0.69,3,5,3,0.68,4,4,0,3,1,2,2,3,1,3,3,3,5,5,3,4,3,3,2,4,3,3,5,0
3.08,4,0.98,0.9,3,3,3,1,3,1,0.6,2,1,5,2,3,5,1,0.78,4,1,4,0.8,3,1,1,5,4,3,1,3,2,1,1,4,2,4,4,2,2,4,5,2,4,1,1,2
2.64,2,0.9,1.0,3,3,4,5,5,1,0.9,3,3,4,5,4,3,1,0.88,4,3,1,0.9,3,4,1,4,3,5,2,2,2,2,2,1,2,3,1,1,4,2,4,3,1,3,1,1
2.43,3,0.84,0.77,5,1,3,3,3,0,0.93,2,3,4,2,2,2,1,0.66,2,3,2,0.69,3,5,1,3,3,3,4,3,2,3,3,2,4,4,2,3,5,4,2,3,2,4,5,0
1.83,3,0.63,0.55,4,1,4,3,2,1,1.0,2,3,5,2,3,4,2,0.88,5,3,3,0.69,1,4,1,1,4,2,1,3,4,1,1,3,2,2,5,1,1,1,1,3,3,4,4,1
2.55,4,1.0,0.89,4,3,5,3,4,2,0.93,1,5,2,2,2,1,3,0.69,1,1,3,0.67,4,1,1,2,2,1,2,4,1,1,1,1,3,1,1,1,4,2,1,1,1,3,2,1
1.33,4,0.82,0.59,3,2,1,1,3,1,0.8,2,2,1,1,2,3,1,1.0,2,2,3,0.9,1,2,0,2,2,2,2,1,0,2,2,1,2,2,1,2,1,1,2,1,1,2,2,1
2.56,1,0.95,0.96,2,3,1,4,3,1,0.69,2,3,1,5,2,2,2,0.9,2,3,2,0.88,3,3,1,1,1,3,5,2,1,2,2,2,3,1,3,4,3,4,3,4,5,1,4,2
3.25,3,0.73,0.7,2,2,3,3,4,4,1.0,2,1,2,4,5,2,1,0.7,5,1,2,0.65,3,3,0,3,5,4,3,2,1,5,5,2,5,5,4,1,2,3,1,3,3,2,3,1
2.31,1,1.0,0.89,3,2,3,5,5,4,0.78,3,3,4,4,5,2,1,0.79,4,3,4,0.79,5,3,0,4,2,5,2,1,1,4,4,4,5,1,4,3,3,5,4,4,3,5,3,1
2.86,1,0.85,0.88,2,1,2,1,1,1,0.69,2,1,1,1,3,2,1,1.0,2,1,2,0.78,4,2,0,2,2,5,1,4,0,3,3,4,2,4,4,1,2,1,2,5,4,2,4,1
2.7,1,0.77,0.69,3,1,5,3,1,4,0.92,3,3,3,4,2,3,2,0.73,1,3,3,1.0,1,3,0,5,4,1,2,1,1,2,2,3,3,2,3,3,4,3,1,2,1,4,1,1
1.6,1,0.9,1.0,4,1,4,3,2,0,0.7,1,3,2,4,2,3,2,0.77,5,3,5,0.93,1,1,1,4,4,2,2,4,0,3,3,5,2,4,3,3,3,1,3,1,3,5,1,0
2.89,2,0.99,0.87,2,1,3,4,2,2,1.0,3,3,4,2,4,3,2,0.93,2,3,3,0.87,1,1,1,5,2,2,3,2,0,1,1,3,4,1,4,2,4,4,3,5,3,2,3,2
3.5,1,0.87,0.69,1,3,1,1,3,2,0.7,4,2,5,3,3,4,1,0.98,1,2,4,0.89,5,1,0,1,5,3,2,3,1,3,3,4,3,3,1,4,1,5,5,3,3,2,2,1
2.94,2,0.97,0.7,2,3,1,2,3,0,0.72,1,3,4,2,4,3,2,0.6,4,3,1,1.0,3,4,1,2,2,3,5,3,0,4,4,1,3,5,2,3,3,4,4,3,3,3,3,1
2.61,0,0.98,0.79,3,1,2,1,1,0,0.6,3,4,3,3,5,2,3,0.69,4,4,2,0.93,5,4,0,2,1,1,3,5,1,2,2,2,4,3,4,1,3,4,4,4,4,1,3,1
2.59,3,0.85,0.79,4,2,5,1,3,4,1.0,3,2,5,1,5,4,1,0.7,3,2,3,0.7,5,3,0,4,2,3,4,1,0,2,2,3,2,4,2,4,5,2,5,3,2,5,2,1
2.45,1,0.75,0.93,3,3,2,4,2,1,0.96,5,2,4,2,3,1,2,0.9,2,2,2,0.9,3,3,0,2,1,2,1,2,0,3,3,2,4,4,4,5,3,3,4,3,4,3,1,0
3.11,1,0.87,0.6,4,3,2,3,4,2,0.59,2,4,2,2,4,4,2,0.91,2,4,1,0.93,5,3,1,4,1,4,3,2,0,3,3,1,4,5,3,3,4,4,3,4,4,3,3,1
0.93,3,0.91,0.7,4,0,2,4,1,1,0.9,3,2,3,2,3,3,2,0.87,1,1,4,0.96,4,1,1,2,3,2,3,2,2,1,3,2,2,3,2,2,3,4,3,2,2,4,1,1
2.48,0,0.88,0.59,4,1,4,1,1,3,0.55,4,1,4,1,3,2,2,0.89,5,1,4,0.7,3,3,1,3,1,1,3,3,0,3,3,4,3,3,3,3,2,4,3,5,3,3,3,1
2.91,1,0.94,0.72,2,1,1,4,5,1,0.78,3,2,5,5,2,2,0,0.9,2,2,3,0.79,3,3,1,5,3,5,3,4,1,2,2,3,2,2,4,3,2,2,4,4,1,4,3,1
3.35,1,0.55,0.69,3,2,3,2,2,1,0.92,5,4,3,2,3,1,2,0.87,4,4,2,0.69,1,1,0,3,5,2,1,1,0,4,4,2,1,2,4,2,2,2,3,1,3,3,3,0
2.17,1,0.95,0.9,3,1,1,4,4,1,0.9,2,3,2,2,3,1,2,0.84,3,3,5,0.8,2,1,1,4,2,4,2,3,2,5,5,5,2,2,3,3,2,4,4,1,4,2,3,2
2.55,1,0.83,0.72,2,3,2,2,2,3,0.68,4,3,2,2,5,4,2,0.96,4,2,3,0.72,4,5,0,3,4,5,2,4,0,3,4,4,2,4,4,1,5,1,3,4,3,3,4,2
2.74,3,0.86,0.6,4,1,5,2,2,4,0.66,5,2,1,4,2,2,2,0.69,1,2,2,0.89,3,1,0,2,1,2,2,1,0,3,3,2,3,3,1,3,1,1,2,5,2,1,1,2
3.24,0,0.92,0.92,4,1,4,5,3,4,0.85,2,3,2,2,1,3,1,0.69,3,3,2,1.0,5,3,1,4,1,3,4,3,0,1,1,2,2,2,2,4,2,3,3,3,2,1,4,1
3.2,2,0.99,1.0,3,1,3,5,2,0,0.91,3,2,3,2,3,3,2,0.6,4,2,2,0.79,4,3,0,2,4,2,3,4,0,3,3,2,5,5,1,3,3,3,3,4,2,4,1,1
2.54,3,1.0,0.99,4,5,5,4,3,4,0.93,2,3,1,4,4,2,1,0.77,2,3,2,0.69,2,2,0,4,2,3,3,1,2,2,2,2,1,1,2,4,1,3,3,1,2,3,5,1
2.52,1,0.94,1.0,5,2,4,4,5,1,0.89,3,3,3,2,5,5,0,1.0,2,3,1,0.78,1,3,1,5,5,5,3,2,1,4,4,1,2,4,5,2,5,3,3,2,5,4,4,0
2.86,3,0.99,0.78,3,0,2,4,3,1,0.66,5,3,2,4,3,3,2,0.85,3,3,4,0.8,4,3,0,1,4,3,4,4,1,2,2,4,4,1,2,4,3,2,2,3,2,3,1,2
2.69,3,0.93,0.9,1,3,4,1,1,3,0.8,3,2,4,2,2,3,3,0.7,5,1,2,0.5,4,4,1,3,3,3,1,2,1,1,2,3,3,3,2,1,4,2,2,3,5,5,2,0
2.87,3,0.64,0.85,2,3,2,5,3,2,0.67,2,1,2,4,4,3,1,0.96,4,1,4,0.7,3,3,1,2,4,3,4,2,1,4,4,4,3,2,1,5,2,2,2,4,3,2,3,1
3.04,3,0.64,0.89,1,0,5,3,3,3,1.0,2,2,4,2,4,1,2,0.92,1,2,1,0.6,3,5,0,2,5,3,3,2,0,4,4,1,3,2,2,2,2,4,3,3,3,4,4,1
3.26,0,0.92,0.69,5,2,3,4,1,4,0.69,2,3,4,4,2,2,0,0.89,2,3,5,0.89,3,4,0,4,2,1,4,3,0,4,4,5,3,5,3,1,1,1,5,2,3,5,4,2
2.83,4,0.55,0.89,2,1,2,1,2,2,0.8,2,1,1,2,4,2,2,0.93,2,1,3,0.8,4,1,1,3,4,2,1,4,0,1,1,2,2,4,1,1,2,3,3,4,4,2,1,1
1.74,3,0.74,0.91,2,1,1,4,4,4,0.79,4,2,2,3,4,2,2,0.79,2,2,2,0.9,5,4,0,3,2,4,3,2,0,3,3,2,4,2,3,2,5,3,3,2,1,4,1,2
2.91,0,1.0,0.89,2,3,4,2,2,0,0.89,4,1,4,2,5,1,2,0.72,5,1,2,0.9,3,2,0,3,1,2,1,3,0,2,2,2,3,2,3,2,1,2,3,3,3,4,3,1
2.36,1,0.96,0.79,1,1,3,3,3,4,0.64,3,3,3,4,3,3,1,0.59,2,3,3,0.85,2,3,0,3,3,3,4,4,2,2,3,3,3,3,4,3,2,4,3,2,2,3,3,1
3.19,0,1.0,0.69,3,3,1,5,3,1,0.69,4,2,4,3,2,4,2,0.69,2,2,2,0.95,3,1,1,5,3,3,4,1,1,1,1,2,3,2,3,4,2,1,2,1,5,1,4,2
2.39,1,0.96,0.69,2,1,4,1,4,1,0.99,5,3,2,1,3,3,1,0.92,1,3,1,0.7,2,3,0,5,5,4,2,2,0,5,5,1,2,3,2,2,1,3,2,3,1,3,2,2
3.31,3,0.85,0.92,2,1,3,3,4,2,0.6,5,3,4,3,3,5,2,0.79,1,3,3,0.6,2,2,0,2,4,4,4,2,0,1,1,3,2,3,3,4,1,4,3,3,2,1,4,2
2.34,1,0.66,0.7,3,3,4,3,3,0,1.0,1,5,3,1,1,5,2,1.0,2,5,3,0.99,1,4,1,4,5,3,5,5,1,5,5,3,2,3,5,4,5,4,4,2,2,4,3,1
3.09,1,0.82,0.57,4,1,2,2,3,2,0.78,3,2,3,3,2,4,3,0.9,2,2,4,1.0,3,1,0,2,2,3,1,4,1,4,4,4,2,2,3,4,2,3,5,4,1,3,2,0
1.95,0,0.96,0.89,4,0,4,3,2,0,0.79,3,3,3,3,3,4,0,0.6,3,3,1,0.9,3,3,1,1,2,2,2,4,0,2,2,1,2,4,2,3,2,3,1,5,3,2,3,0
2.52,1,1.0,0.69,2,5,1,3,2,0,0.88,2,1,4,3,1,1,1,0.96,2,1,2,0.72,3,1,1,2,2,2,3,2,0,1,1,2,4,3,1,3,3,3,2,3,2,3,2,1
3.11,1,0.82,0.9,2,5,4,5,3,2,0.9,1,3,3,4,3,1,1,0.88,4,3,2,0.89,4,4,0,4,5,3,4,4,2,1,1,2,2,1,3,3,2,2,1,2,3,4,3,1
2.76,1,0.8,0.8,5,1,4,5,3,0,0.79,1,4,3,1,3,3,1,0.91,2,4,3,1.0,1,4,1,2,5,3,4,5,0,4,4,3,1,3,2,2,3,4,2,2,1,4,1,1
3.25,2,0.9,0.6,1,1,3,1,2,2,0.69,3,3,4,4,2,4,0,0.69,4,3,2,0.7,1,4,1,4,4,2,3,4,4,2,2,2,2,2,3,4,4,4,3,5,1,2,3,1
3.0,4,0.91,0.69,1,1,2,2,5,4,0.93,2,2,2,3,5,2,1,0.9,4,2,1,0.92,2,3,1,5,1,5,5,3,1,3,3,1,2,3,3,3,4,4,5,4,2,2,3,1
2.5,3,0.89,1.0,4,1,3,4,4,4,0.7,3,4,1,3,3,1,3,0.92,4,4,5,0.93,3,3,1,2,1,4,4,4,0,3,3,5,5,3,5,2,2,4,5,4,2,3,5,1
2.28,4,0.97,0.66,2,1,2,2,3,4,0.96,2,3,2,4,5,4,2,0.7,2,3,4,0.87,4,5,1,1,2,3,1,3,0,2,2,4,5,3,1,4,4,2,4,4,5,3,3,1
3.07,0,1.0,0.66,3,3,2,1,1,0,0.89,5,3,5,1,5,1,3,0.7,4,3,1,0.9,4,1,0,3,3,1,2,1,0,5,5,1,3,3,4,3,4,3,1,1,4,4,1,1
2.43,3,0.78,0.95,4,3,2,4,3,2,0.9,3,4,3,3,3,4,1,1.0,5,4,4,0.55,3,5,0,2,2,3,3,2,0,3,3,4,2,1,2,3,3,4,4,3,1,2,4,0
3.36,0,0.99,0.9,2,2,3,3,2,2,0.63,3,3,2,3,4,3,2,1.0,3,3,3,0.89,4,2,0,3,4,4,2,3,0,2,2,3,2,3,4,2,4,3,3,5,3,3,3,2
3.28,1,0.98,0.98,4,1,2,1,4,0,0.99,2,1,3,4,3,3,1,0.84,5,1,3,0.72,2,5,0,3,4,4,1,4,1,3,3,3,1,2,4,2,4,3,3,4,1,5,5,1
3.11,3,0.89,0.79,5,2,3,2,5,1,0.78,1,4,1,2,3,3,0,0.96,2,4,3,0.79,1,5,0,2,4,5,1,5,1,1,1,3,3,2,3,4,5,3,3,5,1,3,1,0
3.45,4,0.72,0.63,2,1,3,2,3,0,0.79,2,3,4,3,3,5,1,0.69,4,3,2,0.69,2,3,1,4,3,3,1,5,0,2,2,2,4,2,4,3,4,3,1,4,3,4,2,2
3.48,2,0.93,0.79,1,5,4,3,2,2,0.79,4,4,2,4,4,3,0,0.99,2,4,2,0.7,5,3,0,2,1,2,2,2,0,3,3,2,2,4,3,3,3,3,4,5,3,3,4,1
2.11,3,0.95,0.93,3,2,2,2,1,2,0.8,4,2,1,1,4,3,1,0.69,4,1,1,0.7,5,2,0,2,4,2,1,2,2,2,2,2,2,4,3,1,2,1,2,4,4,2,3,2
3.02,3,0.77,0.7,1,1,2,4,4,1,0.79,3,2,3,2,1,2,1,0.78,2,2,4,1.0,4,1,1,1,4,4,1,1,1,3,3,4,1,4,4,3,3,2,5,2,3,2,2,0
3.09,1,0.84,0.69,3,2,4,1,1,4,0.7,4,3,3,4,2,5,2,0.77,1,3,4,0.78,2,3,0,2,3,1,3,1,1,3,3,4,1,5,2,2,3,3,2,4,2,2,4,1
3.09,3,1.0,0.93,2,1,3,5,4,4,0.92,3,3,1,3,3,5,1,1.0,4,3,5,0.7,5,3,1,2,3,4,2,4,0,5,5,5,4,5,2,4,3,2,3,4,3,2,3,2
3.53,2,0.91,0.82,3,1,1,2,1,3,0.82,2,2,1,2,4,3,1,1.0,5,2,3,0.82,4,3,1,3,4,5,2,4,0,2,4,2,1,4,2,1,3,1,2,5,4,2,5,1
3.16,4,0.98,0.69,2,2,2,5,1,2,0.6,3,2,2,3,3,4,2,0.7,2,2,5,0.88,4,3,1,2,2,1,5,2,2,1,1,5,2,3,4,4,3,2,3,2,2,2,1,1
3.13,1,0.63,0.8,2,3,2,1,1,1,0.86,2,2,2,2,5,3,0,1.0,4,3,4,0.8,5,4,0,3,4,5,2,4,0,3,3,5,2,5,3,1,5,1,3,5,3,3,4,0
2.27,1,0.88,0.66,4,1,1,4,3,1,0.78,1,1,2,1,1,3,1,0.89,2,1,2,0.79,3,2,1,3,1,3,5,2,4,3,3,2,3,2,2,4,4,3,4,4,2,2,2,2
2.63,4,0.82,0.9,5,2,2,2,4,4,1.0,4,2,2,3,2,2,3,0.79,2,2,2,1.0,5,5,1,2,1,4,4,4,1,3,3,2,5,3,3,1,1,1,2,3,2,3,1,0
3.58,1,0.76,0.76,2,3,2,3,1,1,0.89,3,2,2,1,5,3,1,0.89,2,2,3,0.76,5,4,0,2,4,5,2,4,0,2,5,3,2,4,3,1,4,1,5,5,3,3,4,1
3.17,2,0.69,0.79,2,5,1,4,4,0,0.89,4,3,3,5,3,2,1,0.92,5,3,3,0.79,4,4,0,2,2,4,3,2,0,5,5,3,3,4,5,3,4,3,1,5,2,3,3,2
2.64,3,0.91,0.79,5,1,2,1,4,2,0.88,4,1,3,4,2,4,2,0.66,4,1,3,0.78,2,1,1,5,2,4,2,3,0,4,4,3,3,3,1,4,1,1,3,4,3,1,3,1
2.96,2,0.65,0.79,3,5,2,5,3,1,1.0,3,5,3,4,4,3,1,0.92,2,5,2,0.96,2,2,0,5,1,3,5,4,1,4,4,2,5,4,2,4,3,3,3,4,4,3,3,0
3.38,3,0.66,0.77,4,1,4,1,2,2,0.69,4,3,2,2,2,2,2,0.69,4,3,2,0.53,1,2,1,1,5,2,1,3,1,5,5,2,5,5,4,2,3,3,2,5,5,2,3,1
3.44,1,0.8,0.8,3,1,2,1,1,1,0.8,4,1,1,2,4,2,0,0.79,2,4,2,0.9,2,2,1,3,2,5,2,2,0,3,4,3,1,4,5,1,2,3,3,4,3,2,5,1
3.19,3,0.77,1.0,2,3,4,1,2,1,0.8,2,2,1,2,4,3,0,0.69,2,2,3,0.8,4,2,0,2,3,2,1,4,0,1,3,3,2,2,3,1,3,3,4,4,2,2,2,2
3.14,3,0.74,0.89,1,5,3,3,4,4,0.78,1,2,4,3,2,3,1,0.59,3,2,2,0.79,2,2,0,3,4,4,3,3,0,5,5,2,2,5,2,1,5,2,2,2,5,4,4,1
2.23,3,0.93,0.6,2,3,4,5,3,4,0.9,3,3,5,2,3,3,3,1.0,3,3,2,0.78,2,2,1,2,5,3,5,4,0,3,3,2,1,1,4,3,5,2,2,2,1,5,3,1
2.69,1,0.77,1.0,2,1,3,3,1,0,0.79,4,2,5,4,5,4,0,0.79,3,2,1,0.64,2,3,0,4,1,1,2,5,0,1,1,1,1,5,2,3,2,2,2,4,3,3,3,2
2.94,2,0.95,0.7,2,0,1,4,2,1,0.78,4,4,2,3,5,5,1,0.7,1,4,3,0.89,1,1,1,5,5,2,3,3,0,4,4,3,4,3,1,4,2,2,2,3,3,5,2,1
2.21,1,0.94,0.7,2,3,5,5,5,0,0.89,4,2,2,4,3,1,1,0.69,5,2,2,0.89,2,2,0,5,1,5,1,4,2,1,1,2,1,2,2,5,1,3,4,1,2,5,3,2
2.0,4,0.93,1.0,2,5,3,4,3,1,0.78,5,2,1,5,2,4,3,1.0,3,2,3,0.73,3,3,1,5,2,3,5,5,0,4,4,3,4,2,3,2,4,3,4,4,4,3,1,1
1.93,2,0.84,0.96,4,1,5,3,2,0,1.0,3,4,4,4,2,2,2,0.69,1,4,3,0.6,3,4,0,1,2,2,5,1,1,3,3,3,3,1,4,2,5,1,3,1,1,3,4,2
3.02,2,0.82,0.69,0,3,4,2,3,2,1.0,1,3,4,3,2,2,2,0.6,1,3,2,0.77,4,1,0,4,4,3,3,1,4,2,2,2,2,4,3,3,4,5,2,4,5,3,4,1
2.7,1,1.0,0.79,3,3,2,1,4,1,0.7,3,4,3,2,3,3,1,0.68,2,4,2,0.69,4,2,0,5,4,4,1,5,1,3,3,2,2,3,4,1,2,5,3,4,5,2,2,1
1.63,3,0.66,0.78,2,4,4,3,4,0,0.89,4,4,3,3,4,4,1,0.84,5,4,4,0.6,4,5,0,4,4,4,3,5,0,4,5,5,4,4,5,3,4,4,4,4,4,4,4,1
3.74,2,0.77,0.78,3,5,4,1,3,4,0.79,5,2,2,3,2,3,3,0.89,2,2,2,0.91,3,2,1,2,4,3,3,4,0,2,2,2,2,4,4,2,4,3,2,2,3,5,4,1
2.407977776559978,0,0.8681348148960014,0.9626962979200292,2,2,3,1,2,0,0.6698429616639767,3,2,1,2,2,2,1,0.6130562957279898,2,2,2,0.6515511084319519,3,2,0,1,1,2,2,4,0,3,2,3,2,1,2,2,2,2,2,2,2,2,4,1
2.312038757077738,3,0.7106015368042385,0.7708155028310953,1,1,3,3,3,2,0.879806214611309,2,3,4,2,3,1,3,0.6955147344289759,3,3,2,0.9075534915067142,3,3,1,3,3,3,3,1,0,2,3,2,2,4,4,3,3,3,1,2,2,3,3,1
1.8736144027360089,1,0.9140875180695308,0.7636428227247033,3,2,5,3,2,2,0.7590892943188242,3,1,1,2,4,1,2,0.7818214113623516,4,1,1,0.8977232357970605,2,4,0,1,4,2,2,2,0,4,4,1,3,2,2,3,3,4,2,3,1,3,2,1
2.715986925394563,1,0.871025744736913,0.8577114840131207,2,2,3,2,2,2,0.8419615851316109,3,3,4,2,3,2,2,0.7867756436184229,2,3,5,0.8322885159868794,3,2,0,1,3,2,1,2,0,2,2,5,2,2,4,3,3,2,1,1,1,1,2,2
2.7407108158004005,3,0.9991706085536072,0.887345947371543,3,3,2,3,5,1,0.995853042768036,3,2,3,1,2,1,3,0.9988388519750501,2,2,1,0.701492904603507,3,3,0,3,4,5,1,1,0,2,2,1,2,1,1,1,2,3,2,3,2,2,1,1
2.1941116398217555,1,0.96,0.8436697635870791,1,1,3,3,3,0,0.8156464990122588,3,2,2,3,2,2,1,0.6827023189231366,2,2,3,0.7768139587448921,2,3,1,2,3,3,4,4,1,1,2,3,3,3,2,3,2,3,3,2,1,3,3,2
3.1144017469024123,1,0.9205555492242681,0.7203846197678144,2,0,1,3,2,2,0.8139743662796908,3,3,2,2,4,4,2,0.7452991550395875,1,3,3,0.9149145352717731,1,1,0,5,4,2,3,2,0,4,4,3,4,2,1,3,2,2,2,3,3,4,2,1
3.3067830486152765,1,0.6854862859859845,0.7351620953286615,2,3,1,3,1,1,0.8083897417941734,2,2,2,1,5,3,1,0.89,3,2,3,0.7351620953286615,4,4,0,2,3,4,2,4,0,2,5,3,2,3,3,1,3,1,3,4,3,3,4,1
2.4567660998179033,1,0.6610282501517469,0.93,2,1,2,2,1,2,0.8,2,2,1,1,4,3,1,0.8633830499089518,2,1,2,0.8651267141990018,4,2,0,2,4,2,1,3,0,2,2,2,2,4,2,1,2,2,2,4,4,2,2,1
2.911828208335863,1,0.8330906226189753,0.7858093011882356,1,3,4,2,2,1,0.8009062261897534,3,1,1,2,3,1,3,0.8350969250015179,3,1,3,0.9350969250015179,3,1,1,4,1,2,2,3,0,3,3,3,3,5,2,3,2,3,2,3,4,3,3,1
2.246847388947371,1,0.790938827704043,0.9202755950190699,2,1,5,3,2,4,0.8945305861479785,2,1,1,2,3,2,3,0.8126529307398925,2,1,2,0.9187855772768871,3,1,0,2,1,2,4,3,0,3,3,2,3,4,3,3,2,5,2,4,2,3,3,1
1.5008791037168776,3,0.9911421984231428,0.7845521025905511,3,1,1,2,1,2,0.9531635005631632,3,1,1,2,3,1,2,0.8925308004505307,4,2,1,0.8767132976347143,4,1,0,1,2,3,1,3,0,1,2,3,1,2,2,1,1,1,2,4,2,1,4,1
2.5086080352417457,1,0.9289983244683205,1.0,3,2,1,2,4,2,0.9051273038560592,4,2,1,1,2,4,1,0.7316298171535784,4,2,2,0.5161289793877387,4,1,0,2,2,4,2,4,0,3,2,1,1,1,2,1,2,2,2,3,1,1,4,2
2.6041066351050257,4,0.8993040284054767,0.8550345972310569,3,1,5,1,3,0,0.7448026066995491,3,2,1,1,2,3,3,0.8217867297899483,1,2,1,0.9283760662794457,4,2,1,4,2,3,3,1,1,3,3,1,3,4,3,3,3,5,2,4,2,3,3,0
2.307376946406023,1,0.8552484422387234,0.6085809972218003,1,1,1,4,4,1,0.9141137070263176,4,2,4,1,2,1,3,0.9761705605394763,3,2,2,0.7226947042481178,3,3,0,2,3,4,2,2,0,3,3,2,3,4,1,3,4,1,3,3,1,4,1,2
1.409071700807509,3,0.82,0.6020490210754299,3,2,1,1,2,2,0.8112959572582157,2,1,1,1,2,3,1,0.9917162980106419,2,2,2,0.8917162980106419,1,1,0,1,2,2,1,1,0,1,2,1,1,2,1,1,1,1,1,1,1,2,2,1
2.341600903007147,3,0.9048027090214414,0.79,1,1,3,3,3,2,0.646133032330951,2,3,3,3,3,3,2,0.6280248004518958,1,3,2,0.830374296540957,2,2,0,3,3,3,3,3,2,2,3,2,2,2,3,2,2,3,2,2,2,3,2,1
2.782299846576847,1,0.8303176651086062,0.718373579048667,3,1,4,3,2,2,0.8,4,2,1,2,3,2,3,0.7293646697827876,2,2,4,0.7493265743744858,1,2,0,2,3,2,2,2,0,4,3,4,3,1,2,3,2,3,2,3,2,1,4,1
2.4265998404603417,1,0.9149960115085447,0.7020047861897463,4,2,5,3,2,1,0.7965998404603418,2,1,2,2,3,2,1,0.781603828951797,4,1,1,0.9319968092068358,3,3,1,1,2,2,1,3,0,4,4,1,3,3,3,4,3,4,2,3,1,3,3,1
2.75560553815896,1,0.85,0.8634444400402432,3,3,3,1,4,2,0.6182777799798784,5,3,2,2,3,2,2,0.7229000039637811,2,3,1,1.0,2,2,1,1,4,4,3,4,0,2,2,1,4,5,1,2,1,1,2,4,2,1,3,1
2.5012636510122315,1,0.8334397565201612,0.82782389449207,2,2,2,2,4,1,0.8054881542038979,2,2,4,2,2,1,3,0.6955520081159946,3,2,1,0.8566240973919355,4,4,0,3,3,4,2,1,0,2,2,1,2,3,4,4,4,2,1,2,2,2,3,1
2.4217384363808394,1,0.8400405983205211,0.6947034942164398,2,2,1,3,2,0,0.6429650578356007,3,4,1,1,1,3,2,0.6529650578356007,3,4,3,0.6830462544766429,4,2,0,2,1,2,2,3,0,2,2,3,3,2,2,4,3,2,2,1,2,3,1,2
2.886277843635068,1,0.829674091636018,0.6758147709099548,1,4,3,2,2,1,0.6469296603630316,3,2,3,4,3,3,2,0.8416295418199097,3,2,3,0.9443739730928962,2,2,0,3,2,2,4,2,0,2,2,3,3,2,4,3,3,1,2,3,3,1,1,1
2.7134486160970503,3,0.8483792491025309,0.9264830035898762,4,1,2,4,1,2,0.693034387492826,3,2,2,2,2,2,2,0.7076895258831208,2,2,2,0.831620750897469,3,2,0,3,2,1,3,2,1,2,3,2,3,4,3,2,3,2,1,3,3,4,1,1
2.3214129820333964,3,0.8689721575795333,1.0,2,2,2,1,2,2,0.6770023271368024,2,2,2,2,2,2,2,0.6339187998754021,3,2,2,0.5992505817842005,3,2,0,1,1,2,2,4,0,2,2,2,2,2,2,2,2,2,2,3,2,2,4,1
1.8508285965630344,3,0.8590041805716333,1.0,2,1,1,2,2,2,0.9790877920042994,2,2,2,2,4,2,1,0.936970735998567,4,2,2,0.6909540137120337,4,2,0,2,3,3,2,3,0,2,2,2,2,2,2,2,2,2,2,3,3,2,4,0
2.2479165246183763,1,0.9030208688454059,0.9633101457273268,2,2,3,2,2,4,0.7720834753816236,3,1,1,2,1,2,1,0.6660417376908118,2,1,3,0.6303588396999404,2,2,1,1,1,2,2,4,0,2,2,3,2,2,1,3,2,2,2,3,1,3,4,2
2.712420088959188,1,0.8115104668644157,0.7950992352250972,2,1,2,2,2,2,0.700170893731461,4,3,1,2,1,3,1,0.727122383283896,2,3,3,0.8221940417902599,5,3,0,2,1,2,1,2,0,3,3,3,4,2,4,4,2,3,2,1,1,2,2,2
2.956187670086985,1,0.9060316170154936,0.7563498191764055,5,1,3,3,1,2,0.7109525744767596,2,3,3,4,2,2,2,0.9039683829845064,2,3,5,0.8515869467926073,3,3,0,3,2,1,3,3,0,4,4,5,3,3,2,1,2,1,4,3,3,4,2,1
2.194913573075403,0,0.7756257617468689,0.8579315789853454,1,1,1,4,3,1,0.79,4,2,2,3,4,2,2,0.79,2,2,2,0.8424506925627503,5,3,0,3,2,3,3,2,0,2,2,2,4,2,3,2,3,3,3,2,1,4,1,1
3.717434210725072,1,0.8210288974004741,0.93324866758767,3,3,1,2,2,0,0.9588441039810308,3,2,2,3,1,1,2,0.6720577948009485,2,2,2,0.894115589601897,4,4,0,1,1,2,2,2,1,2,2,2,5,1,3,2,1,3,1,3,4,1,3,1
2.43,1,0.7991953078749301,0.9330629636397676,4,2,2,3,2,2,0.8988708642426512,2,4,2,2,3,3,2,0.9616093842501399,4,4,3,0.5872614799925113,3,4,0,2,2,2,2,2,0,2,2,3,1,1,2,3,3,3,3,3,1,2,3,2
2.8569191048074556,2,0.8864149344970851,0.5977987554585762,1,2,5,1,3,2,0.6977987554585762,3,2,4,4,1,3,2,0.7318236462870514,3,2,3,0.7964149344970851,2,2,0,2,1,3,3,3,0,2,2,3,2,2,3,3,3,2,2,3,3,3,3,1
2.4550577847692,2,0.8221015823077144,0.7628406329230858,4,0,3,3,3,0,0.7187986712310299,2,3,3,3,2,3,1,0.6707390506153714,3,3,2,0.7114781012307427,3,5,1,3,3,3,4,3,2,3,3,3,4,4,2,3,5,4,3,3,3,4,4,1
3.1203276581082187,1,0.918317200700099,0.716083389148465,4,1,3,3,1,0,0.6908413996499504,1,3,3,4,2,2,2,0.8799032042005942,2,3,5,0.893365598599802,2,3,0,4,2,1,3,3,0,3,3,5,2,4,3,1,1,1,4,1,3,5,3,1
1.8838495555442063,1,0.7529302971275691,0.9083837128590538,2,1,1,3,4,1,0.8239420299598689,4,2,2,3,3,2,3,0.79,2,2,2,0.9161628714094614,5,4,0,2,1,4,3,2,0,3,3,2,4,2,3,1,4,2,2,2,1,3,1,1
2.250869876967437,3,0.9371012068031045,0.6091301230325629,4,2,3,3,1,2,0.8037686701643326,2,1,2,2,4,3,2,0.8576819214759575,1,1,2,0.7652168717209381,3,1,0,2,2,2,2,2,0,2,3,3,3,2,3,2,2,2,3,3,3,3,1,1
2.2329713504544655,1,0.6263857435795754,0.7929713504544657,1,3,2,2,1,3,0.6959427009089312,5,3,2,2,3,2,3,0.6939357094034041,2,3,2,0.7385143247727672,2,4,0,4,2,2,2,2,0,3,2,3,1,3,4,2,2,5,2,4,3,3,4,1
2.370343095802539,0,0.82,0.7485284717413393,4,2,1,1,1,1,0.9486204422575055,2,1,1,1,2,3,1,0.8910116756778292,2,2,2,0.7910116756778293,2,1,0,1,2,2,1,1,0,1,2,1,1,2,1,1,1,1,1,2,2,2,3,2
1.9010300800062225,3,0.8965143908542095,0.8940588617146413,2,1,3,1,1,2,0.8,2,2,2,2,2,2,1,0.7202943085732064,2,2,2,0.7382648777158858,1,2,0,3,2,2,2,3,0,2,2,2,2,3,2,1,2,1,2,3,3,2,2,1
2.245590601496739,1,0.96,0.8270148053981139,1,1,3,3,3,0,0.7611393631210999,3,2,2,3,2,2,1,0.6539346638694694,2,2,3,0.7995252653662084,2,3,1,2,3,3,4,4,1,1,2,3,3,3,2,3,2,3,3,2,1,3,3,1
2.2820752493769496,1,0.9396963049692268,0.9994938416153781,2,3,4,4,2,1,0.8894432257769159,3,4,3,4,2,3,2,0.7905061583846219,4,4,1,0.9586839881999831,2,1,0,2,2,2,3,1,0,4,4,1,3,2,3,4,1,3,1,1,4,3,2,1
1.3401575263813978,1,0.8237696907976747,0.9823111143440751,2,3,4,3,3,2,0.7482424154252496,4,2,1,2,3,1,2,0.9160808051417498,3,2,2,0.7419595974291251,1,4,0,3,5,3,4,1,0,3,3,2,2,1,1,2,2,3,2,3,1,2,1,1
2.4381964158483775,1,0.9725633105316707,0.8067152558076803,3,2,2,2,4,1,0.7274366894683293,3,2,4,1,2,3,3,0.8216961094479807,2,2,1,0.79,4,3,0,3,4,4,3,2,0,2,2,1,2,2,2,3,3,2,1,4,3,2,3,1
2.867347946376526,3,0.8084326638384886,0.7323241920922923,2,3,2,2,1,3,0.7447020084845345,3,2,2,1,5,3,2,0.9384326638384886,3,2,3,0.7323241920922923,4,4,0,2,4,5,2,4,0,2,4,3,2,4,3,1,4,1,3,4,3,3,4,1
2.2493133168277635,3,0.514362711834818,0.690441162214922,5,1,4,5,5,0,0.5183820820835177,4,5,5,5,5,5,1,0.7856861984795839,5,5,4,0.69740193702487,5,5,0,5,4,5,4,5,0,5,5,4,5,5,4,5,5,4,5,4,4,5,5,1
2.0088627340140968,4,0.9284180588240712,0.9077573069053945,5,2,1,2,4,1,0.8520584552431553,2,3,3,4,3,2,3,0.8236403964190839,4,3,1,0.6448538618921119,4,2,0,1,2,4,2,3,0,3,3,1,1,2,4,5,3,3,2,2,1,2,3,1
2.127269246719148,3,0.9643910389326231,0.8609230131234087,3,2,2,2,1,2,0.759705090988655,3,1,1,1,4,3,2,0.6813653766404261,3,1,1,0.7575641557304928,5,1,0,2,4,2,1,2,1,2,2,2,2,3,3,1,2,1,2,4,4,2,2,1
2.632504105746864,1,0.90510036500128,0.839822308374328,2,2,3,2,2,2,0.857295164250576,3,3,4,2,3,2,1,0.787627509125032,2,3,5,0.850177691625672,3,2,1,1,3,2,1,2,0,2,2,5,2,2,4,3,3,2,1,1,1,1,2,2
2.934600301840732,1,0.9232539969815927,0.6607140271656659,4,2,3,4,1,2,0.7323019607607048,2,2,3,3,2,2,2,0.8867460030184073,2,2,4,0.8444440422577025,3,3,0,3,2,1,3,2,0,3,4,4,3,4,3,1,1,1,4,2,3,4,3,1
2.4030964611299357,1,0.9346491405118024,0.7925350859488198,1,1,3,2,2,0,0.6805613751811161,3,3,2,3,3,2,2,0.6102806875905581,2,2,2,0.8677456016417383,2,3,0,2,2,3,3,4,1,2,2,3,2,2,3,2,2,3,2,2,2,2,3,1
1.5157650553902173,1,0.7855477231238621,0.8959853159618886,2,1,1,3,4,4,0.8250367100952786,4,2,2,3,4,2,1,0.79,2,2,2,0.9,4,4,0,3,1,4,3,2,1,3,3,2,4,2,3,2,4,3,2,2,1,3,1,0
3.0019068092593013,3,0.851108722530815,0.7216630837962226,1,3,3,2,2,2,0.7534145751543596,2,2,1,3,3,1,2,0.913569893055524,3,2,4,0.9894456387345925,3,1,0,4,1,2,2,3,0,2,3,3,3,4,2,2,2,2,2,3,4,3,3,1
2.4316219575533067,1,0.7810864529239587,0.903152257846007,2,1,1,2,4,4,0.8345103240009554,4,2,3,2,2,2,1,0.8242387107699657,2,2,1,0.8589135470760412,5,4,0,2,2,4,2,1,0,2,2,1,4,2,3,2,4,3,2,2,1,4,1,2
2.748141246932649,1,0.8336617206670943,0.8230065273675433,2,3,3,1,3,1,0.8093448067004491,1,1,2,3,2,1,1,0.9956830860333548,4,1,2,0.7331691396664528,3,5,0,4,1,3,3,3,2,1,1,2,3,4,5,3,2,3,3,2,3,2,2,1
2.33,1,0.8437710650081341,0.7087349535656184,2,5,3,3,2,1,0.89,4,4,2,2,2,2,1,0.7453162616085953,1,4,1,0.6084307291045283,1,4,1,5,2,2,2,2,0,4,4,1,1,3,3,4,1,5,3,3,4,3,2,1
2.4105359896748304,0,0.8652913678776226,0.922062948183566,3,3,5,3,2,2,0.8608974766730754,2,4,3,4,2,2,1,0.8164568393881133,2,4,1,0.6632284196940567,2,3,0,1,2,2,5,1,0,3,3,1,2,1,4,3,4,2,2,2,2,3,3,1
2.931824284121807,1,0.8961317869086447,0.807567621170924,1,4,4,4,1,0,0.7185641657377208,2,2,1,3,3,1,3,0.9220439289695482,2,2,4,0.7722127339813348,2,1,0,4,2,1,4,4,1,3,3,4,3,3,1,2,2,4,1,1,5,2,3,1
2.0019948216895416,1,0.9456010356620916,0.7429564787488885,2,3,3,1,2,2,0.8290025891552291,2,2,4,1,2,2,2,0.6680409320958824,3,2,4,0.5975601035662091,1,2,0,1,1,2,2,4,0,3,3,4,2,2,2,1,3,1,4,3,2,2,3,1
1.615612162468367,1,0.4821452503613995,0.8846021109504891,2,1,2,3,1,0,0.5051279945970353,2,3,4,3,2,3,2,0.7051279945970352,1,3,3,0.9191903166425734,2,3,0,3,2,1,3,2,0,3,3,3,3,3,4,3,1,1,4,2,3,3,3,1
2.5237962514332817,1,0.980345113766662,0.8331733868066508,3,2,2,2,4,1,0.719654886233338,3,2,4,1,2,3,3,0.7843434539200225,2,2,1,0.79,4,3,0,3,4,4,2,1,0,2,2,1,2,2,3,3,3,2,1,4,3,2,3,1
2.041989329761581,1,0.9553976722411442,0.9127274488283381,3,1,1,2,1,2,0.816193016723433,4,1,1,1,3,2,1,0.7115906889645773,4,1,1,0.7205111545163485,5,1,0,1,3,2,1,2,1,1,2,2,1,3,3,1,1,1,2,4,3,1,3,2
3.352204467217345,1,0.8863950473204927,0.8305747511403011,4,2,2,2,3,1,0.8451618839793704,2,2,3,1,2,3,3,0.8225391114594252,2,2,2,0.9225391114594252,3,2,0,4,3,3,3,1,0,3,3,2,3,1,2,3,4,2,2,3,3,2,4,1
2.2327830081958218,1,0.9148584867791626,0.8146226435750022,1,1,2,3,3,1,0.6707783044687528,3,2,2,3,3,2,2,0.6310377392916703,2,2,2,0.8602594348229176,2,3,0,3,2,3,3,3,1,2,3,2,3,2,3,2,2,3,3,2,1,3,2,1
2.872336535963756,1,0.7608438697936615,0.8441825011373905,2,1,2,2,2,2,0.7049208872068442,4,3,1,2,1,3,2,0.7397890325515846,2,3,3,0.7905274186210384,5,3,0,2,1,2,1,2,0,3,3,3,4,2,4,4,2,3,2,1,1,2,2,2
2.367307116538791,1,0.9165405726911005,0.8265305926968072,3,2,3,1,2,1,0.661154805768682,3,2,3,2,1,2,2,0.7184669123046195,3,2,2,0.7169288346120922,3,2,0,1,1,2,2,4,1,2,2,2,2,2,2,3,3,2,2,3,2,3,3,1
2.707156723651168,1,0.8144762385673204,0.7985035387637728,3,4,1,1,2,0,0.7979180994106431,5,4,3,3,3,1,1,0.7407482306181136,3,4,2,0.8477553081456591,2,3,0,2,4,2,4,4,0,2,2,2,4,3,1,2,2,1,2,4,2,2,2,1
2.751100277431986,3,0.8163329908541369,0.7278097195119217,2,3,2,2,1,1,0.7210010274375894,3,2,2,1,5,3,2,0.9463329908541369,3,2,3,0.7278097195119217,4,4,0,2,4,5,2,4,0,2,4,3,2,4,3,1,4,1,3,4,3,3,4,1
2.196487350096026,3,0.7822038307790796,0.8949793096264645,3,1,4,3,1,2,0.8461639865101462,2,2,2,2,2,2,2,0.834490423052301,2,2,3,0.9555923384418409,3,1,0,2,1,1,4,2,1,3,3,3,4,4,3,3,3,4,1,4,3,4,2,1
2.8403056880378523,1,0.8412308944976342,0.7770394323566653,1,3,3,1,2,2,0.7334995928826887,3,2,1,2,2,1,3,0.8157682912677433,3,2,3,0.8848833313992491,3,1,1,3,1,2,2,4,0,3,3,3,3,4,2,3,2,2,2,3,4,3,3,2
2.677842016784273,1,0.7158358319435489,0.7495136806713709,3,1,2,2,5,1,0.5938905546290326,4,3,4,3,3,4,3,0.9982978823497982,1,3,3,0.9948936470493946,3,2,1,1,3,5,2,1,1,2,2,3,3,4,2,2,1,3,2,1,4,2,4,1
1.9478423224337482,1,0.9255491821405053,0.7418110816371328,3,2,5,3,2,2,0.7645472295907167,3,1,1,2,4,1,2,0.7709055408185664,4,1,1,0.911368073976792,2,4,0,1,4,2,2,2,0,4,4,1,3,2,2,3,3,4,2,3,1,3,2,1
1.9375196891730753,0,0.8139512233541673,0.9876022524415066,2,1,2,2,2,2,0.9645778641185903,2,2,2,2,4,2,2,0.9246866796177886,3,2,2,0.7189643494695508,4,2,0,2,4,3,2,4,0,2,2,2,2,2,2,2,2,2,2,4,4,2,3,1
2.0151294352317803,1,0.7707174548164755,0.8652366867482332,3,1,4,2,2,1,0.8957100602446995,2,2,2,3,2,2,3,0.8780917168705829,2,2,3,0.9797559186799909,3,1,0,2,1,2,4,2,0,4,4,3,3,4,3,4,2,5,2,3,3,3,3,2
2.3795392857700257,1,0.8723035711498707,0.9857178588708021,2,2,2,1,2,2,0.6423035711498707,3,2,1,2,1,2,1,0.6046071422997412,3,2,3,0.6038214268992237,3,2,0,1,1,2,2,3,1,3,3,3,2,2,2,3,2,2,2,2,2,3,3,1
1.755513209741087,1,0.8719189853691371,0.9906350829242494,2,1,2,2,2,2,0.9574321951102243,2,2,1,2,4,2,2,0.9095674536529077,4,2,2,0.7012839024448879,4,2,0,2,4,4,1,4,0,2,2,1,2,2,1,2,2,2,2,4,4,2,4,1
2.270888909821189,1,0.8859111090178812,0.83331428302299,3,1,4,1,1,4,0.8,3,3,1,2,3,2,1,0.6811047610076634,2,2,2,0.8459682599489111,2,3,0,2,2,3,2,3,0,3,2,3,2,1,2,1,2,1,2,2,2,2,3,1
2.1812833300660732,1,0.6549461172892376,0.7326276248099074,2,3,2,2,1,3,0.571391095487598,4,3,1,3,4,2,2,0.6946369849586602,1,2,3,0.7724730586446188,3,3,0,3,2,3,2,2,0,2,2,4,1,3,3,2,3,4,2,4,3,4,3,1
2.1547698919548304,3,0.8564513293671047,0.9928318562587726,1,1,1,3,1,2,0.7978849581153502,2,1,2,4,3,3,2,0.9885309700140361,3,1,2,0.7656283112798267,5,3,1,2,3,1,4,2,0,2,2,2,3,3,3,3,3,2,3,2,1,2,4,1
2.1274797909639362,2,0.7343360607187491,0.7628455244495195,2,1,4,4,4,0,0.575501281574523,4,4,3,4,4,4,1,0.7542276222475971,5,4,4,0.6857723777524029,4,5,1,4,4,4,3,4,2,4,5,5,4,4,3,4,4,4,4,4,4,4,4,1
2.5209968011417905,3,0.611003909715589,0.918996090284411,2,1,3,2,2,2,0.8006669036191266,2,2,2,2,4,4,2,0.8993330963808734,2,2,2,0.8949982228565505,3,2,0,3,3,2,2,3,0,2,2,2,2,3,2,2,2,2,3,3,3,2,1,1
2.7765393915230234,1,0.8849067967924954,0.8903638002291074,5,4,3,5,3,1,0.8863619977089253,2,2,2,3,4,2,1,0.7954570034366121,3,2,1,0.7903638002291075,4,3,1,1,2,3,2,3,1,4,4,1,2,2,2,5,3,4,2,3,3,4,3,1
2.4214699054453264,1,0.78674763613316,0.855902836640208,4,2,5,4,2,1,0.7914699054453265,2,2,2,3,3,2,2,0.9047222693121664,3,2,1,0.829398108906528,3,3,1,1,1,2,2,3,0,4,4,1,2,2,3,4,2,4,2,3,1,3,3,2
2.9637248463210555,1,0.846942887775645,0.8447787562553088,2,2,3,2,2,1,0.6917779556827834,4,3,3,4,2,2,2,0.7941110221586083,2,3,5,0.8804987991412119,3,1,1,2,1,2,1,1,0,1,1,5,1,4,3,3,1,1,3,1,1,1,4,2
2.0055293185805776,1,0.9684470681419423,0.8406824088516535,4,3,1,2,5,1,0.823788272567769,3,2,4,2,3,3,1,0.8439136820042695,4,2,1,0.6731685684343658,4,2,0,2,3,5,2,3,0,2,2,1,1,3,3,3,3,3,2,2,2,2,3,1
2.4553067658421344,1,0.8853410014550571,0.6033976995634829,2,3,1,1,2,2,0.6444658998544943,2,1,1,1,1,2,2,0.73957956700618,2,1,2,0.80873870101854,2,1,0,1,3,2,2,1,2,1,2,2,1,3,1,2,1,2,2,1,3,2,2,2
2.407815459639061,1,0.8780306406187532,0.7763384401031256,3,1,3,3,3,1,0.8380926185046795,2,3,3,2,2,2,3,0.6378154596390606,2,3,2,0.7407075208250044,2,4,0,3,3,3,4,3,2,2,3,2,3,3,2,3,4,4,2,2,2,3,4,1
2.8123724661267286,1,0.8267797098674436,0.7086442021354702,3,1,4,3,2,2,0.8,4,2,1,2,3,2,3,0.7364405802651126,2,2,4,0.7289833317378013,1,2,0,2,3,2,2,2,0,4,3,4,3,1,2,3,2,3,2,3,2,1,4,1
3.0228475076412438,1,0.899775772757497,0.7132959621262495,2,4,3,3,2,2,0.7275037222591629,3,2,3,3,4,3,2,0.7481764039866721,2,2,3,0.9069282651162536,2,2,1,3,3,2,5,1,0,2,2,3,3,2,5,3,3,1,3,3,4,1,1,2
2.4357605826143955,0,0.9168077387080391,0.6919153567751766,1,2,1,3,2,1,0.6963845225839218,4,3,1,2,1,3,2,0.7057460703255297,4,3,2,0.8772309548321562,5,2,0,3,1,2,2,3,1,2,2,2,4,2,4,4,2,3,2,1,2,3,2,1
2.8088089390024917,3,0.8666501308694908,0.8331265552684941,2,4,2,1,2,2,0.6630397020332504,2,2,1,3,3,1,2,0.8957692369692416,1,2,3,0.838808939002492,3,2,0,1,2,2,3,2,1,1,3,3,1,3,2,2,2,1,2,3,4,3,2,2
2.8658920478883827,1,0.9200957180937445,0.8289816489731905,3,0,2,2,3,1,0.7798085638125111,3,4,2,3,3,3,2,0.7954134574196603,2,4,3,0.8329938829910635,3,4,0,1,3,3,5,3,1,2,2,3,1,3,4,3,1,3,4,3,2,2,2,1
2.738496458301493,3,0.8938870597508307,0.8618188168064771,4,4,3,4,2,1,0.8831976454360462,3,2,2,2,4,2,2,0.7987458844393692,2,2,2,0.7861129402491693,4,2,1,2,2,2,2,2,1,4,4,2,2,2,2,4,3,3,2,3,3,4,3,1
1.882447326121307,3,0.888499277330083,0.8438989882621163,4,2,1,1,1,0,0.923001445339834,4,1,1,1,4,4,1,0.8253015898738174,4,1,1,0.841451662140809,5,1,0,1,4,1,1,3,1,1,1,1,1,4,2,1,1,1,1,4,4,1,1,0
2.3129838449687212,4,0.702188152977062,0.7722876144760195,2,2,3,2,3,1,0.8900994614989574,1,2,4,2,2,1,1,0.7029838449687209,4,2,2,0.9078118470229379,3,4,0,4,2,3,3,1,0,2,2,2,2,5,5,3,3,3,1,2,2,3,3,2
2.4159495908580855,1,0.8498058810665566,0.6515949590858086,2,2,1,2,2,0,0.89,1,2,3,3,3,1,2,0.7773924386287129,4,2,2,0.8138142825902092,1,5,0,4,1,2,1,4,0,2,2,2,4,3,2,2,3,3,1,3,4,4,3,1
2.659684400814516,1,0.9229327443781978,0.7911507730036152,1,5,1,2,2,0,0.8366496687127363,2,1,3,3,1,1,2,0.9792668139054506,2,1,3,0.8067006625745274,3,1,1,2,2,2,3,1,1,1,1,3,4,3,1,3,3,3,2,2,2,2,3,1
3.5321909542955354,1,0.8334889620879249,0.7667008836663116,4,2,2,2,2,2,0.9165110379120751,2,2,3,1,2,3,2,0.8975474614385591,2,2,2,0.9693432679819889,3,1,0,4,2,2,3,2,0,3,4,3,3,2,2,2,3,2,3,3,3,2,3,1
2.327400159383907,1,0.878153723550841,0.6259231382245796,4,2,3,3,2,2,0.8355538829347477,3,2,2,2,4,3,2,0.8851846276449159,2,2,2,0.7629615691122897,3,2,0,3,2,2,2,2,1,2,4,4,3,2,2,1,3,2,2,3,2,4,1,1
2.2412544817156466,1,0.9757612592796214,0.7021193703601892,2,5,1,3,2,1,0.8709104722298581,2,1,4,3,1,1,2,0.9721193703601892,2,1,2,0.710910472229858,2,1,1,2,2,2,2,2,0,1,1,2,4,3,1,3,3,3,1,2,2,2,2,1
2.4229751591601287,1,0.8243789790032227,0.8107452251961328,4,2,5,4,2,1,0.792975159160129,2,2,2,3,3,2,2,0.8685961801569062,3,2,1,0.8595031832025781,3,3,1,1,1,2,2,3,0,4,4,1,2,2,3,4,2,4,2,3,1,3,3,0
1.811718142634472,1,0.8720254424390123,0.9295440266341731,2,3,3,2,3,2,0.6970626108293339,3,1,2,1,3,2,3,0.7412407079024196,1,1,2,0.8796712388292344,4,1,0,4,2,3,5,2,0,4,4,2,3,3,1,2,2,4,2,2,2,3,3,1
2.2185244856545285,0,0.8522951028690943,0.7911028581970291,4,2,1,1,1,2,0.905961223360326,2,1,1,1,2,2,1,0.8342175495897463,2,2,2,0.7694485709014854,2,1,0,1,2,2,1,1,0,1,2,1,1,2,1,1,1,1,1,3,3,2,3,2
2.9228766613425785,1,0.9433105617669919,0.8599658426504879,1,3,3,2,2,2,0.6809702728973636,2,2,1,3,3,1,3,0.9728425039930663,1,2,4,0.9433447191165041,3,1,1,2,1,2,2,3,0,2,3,3,1,3,2,2,2,1,2,3,4,3,3,2
2.819618143148669,1,0.8313931963192491,0.7379773210641638,1,5,3,3,2,1,0.6584829907981229,3,3,3,4,3,3,2,0.89,3,3,2,0.9430340184037542,2,2,0,3,2,2,5,1,0,3,3,2,2,1,5,4,4,1,2,3,4,1,1,1
1.8393049376993929,3,0.9273414463716021,0.8514509723882301,2,2,3,1,1,4,0.8119634913277907,1,2,2,2,2,1,2,0.7,2,2,2,0.7519026435407751,1,3,0,3,2,2,1,3,0,2,3,2,2,3,2,1,3,1,1,2,3,2,2,2
2.33,1,0.8457073547158119,0.7073518894887056,2,5,3,3,2,0,0.89,4,4,2,2,2,2,3,0.7456620276278235,1,4,1,0.6078083502699175,1,4,0,5,2,2,2,2,0,4,4,1,1,3,3,4,1,5,3,3,4,3,2,1
2.231238319373516,2,0.6434027196582813,0.7157939679202656,3,0,4,5,4,0,0.3302268479772188,4,5,3,5,4,5,0,0.7095463040455624,5,4,4,0.7157939679202656,4,5,0,5,5,5,4,4,2,5,5,5,5,5,3,5,5,4,5,4,4,5,4,1
2.58568233260924,2,0.924893859371896,0.744863533478152,2,0,2,2,3,1,0.7403032589374399,3,3,2,2,3,3,2,0.7404548884061599,2,3,3,0.819909022318768,2,4,0,1,3,3,4,3,2,2,3,3,1,3,4,3,2,3,3,3,3,3,2,1
3.4816473469741496,4,0.8620170482103322,0.8254544572693681,1,2,1,1,4,1,0.9220170482103323,4,2,5,1,1,2,3,0.9121875303136547,3,2,1,0.7638636143173421,4,3,0,1,3,4,2,1,0,2,2,1,3,2,2,3,3,2,1,2,1,5,2,2
1.8780317409155667,2,0.5680100993822257,0.9040014427688894,2,1,2,3,2,2,0.6610165918422279,3,2,4,2,2,2,2,0.7700072138444469,1,2,2,0.9129992786155553,2,3,0,2,1,2,2,2,0,3,3,2,3,3,4,4,2,2,4,2,4,3,2,2
1.9783053781569464,2,0.6130558989163024,0.8333737066789636,2,0,1,3,2,2,0.5834492743678431,2,3,3,3,2,4,2,0.7,1,3,3,0.9110590063177312,1,2,0,3,2,2,3,2,0,3,3,3,3,3,3,4,2,2,3,2,3,3,2,1
2.1004823250327003,1,0.7967573195015019,0.8536634135548881,3,1,4,2,2,2,0.8609902406646643,2,2,2,3,2,2,3,0.8491585338872202,2,2,3,0.9305695076082743,3,1,0,2,1,2,4,2,0,4,4,3,3,4,3,4,2,5,2,3,3,3,3,2
2.4145056089084447,3,0.8753992521455407,0.7967001602545271,3,1,3,1,1,2,0.8164991987273651,4,3,1,2,3,1,1,0.6941988248001354,2,2,1,0.916700160254527,3,2,0,1,2,3,1,3,0,3,2,4,1,1,3,1,1,1,2,2,2,1,4,2
1.6716548178311434,3,0.9163403390203925,0.9337995156851536,2,3,3,1,1,2,0.8121212592186007,4,1,2,3,2,2,2,0.7588811623556314,3,1,2,0.497319321959215,4,2,1,1,2,1,3,2,0,3,3,2,2,2,3,3,2,2,1,2,2,2,4,1
2.33,1,0.6951632267391843,0.8148834094720112,1,5,2,3,1,4,0.89,4,4,3,2,1,2,3,0.7187791476319971,2,4,1,0.656197534262405,1,4,0,5,2,1,2,2,0,4,4,1,1,3,4,3,1,5,3,3,4,2,3,1
1.6395466354822432,1,0.4916158461633998,0.8787221672190957,2,1,2,3,2,2,0.5366529565379389,2,3,4,2,2,3,2,0.7,1,3,2,0.9190601806015913,2,3,0,3,2,2,3,1,0,3,3,2,2,3,5,4,2,2,3,2,3,3,3,2
2.5059095746206888,4,0.873737588720306,0.86699556757088,4,1,3,2,3,1,0.9173484042298853,1,2,4,2,2,1,1,0.8033847520613009,2,2,2,0.69,3,5,0,3,2,3,3,3,1,2,2,2,3,4,3,3,3,4,2,3,2,3,4,2
2.8805911721497592,1,0.9214376909518697,0.8478434635721954,1,4,3,4,1,0,0.6978434635721954,2,3,2,4,3,2,3,0.9177796269091077,2,3,4,0.6957507638074787,2,2,0,3,3,1,4,4,2,2,3,4,3,3,1,2,2,4,1,1,4,2,3,1
2.029679405439738,1,0.9660320594560262,0.8261923567361572,4,3,1,2,5,1,0.8141282378241048,3,2,4,2,3,3,3,0.8551837225385445,4,2,1,0.6884636234451674,4,2,0,2,3,5,2,3,0,2,2,1,1,3,3,3,3,3,2,2,2,2,3,1
1.7059818276318346,3,0.9371322317353789,0.7488380171236819,2,0,2,3,2,2,0.7589123949760301,3,2,3,3,3,3,2,0.7180595022818785,1,2,3,0.9003090901821665,2,2,0,2,3,2,3,3,2,1,3,2,2,3,3,2,2,4,3,2,2,3,2,1
2.50982633705306,1,0.9457308250425657,0.79,2,1,3,2,3,1,0.6614037624361515,4,3,2,4,1,3,3,0.6613458747871716,2,3,3,0.714442837904374,2,3,0,2,3,3,4,2,0,3,3,3,3,4,1,4,2,4,3,2,2,3,3,2
2.3009166739430986,2,0.9422750021829297,0.677741680491888,2,1,3,3,2,1,0.7463499869024219,3,2,3,2,3,3,2,0.761341645565013,2,2,2,0.790916673943099,2,2,0,3,2,2,3,2,1,2,3,3,3,2,3,2,2,2,3,2,2,3,1,1
2.180980089978058,3,0.9877999000243802,0.6973200599853718,3,1,3,2,1,2,0.664270034991467,2,1,2,2,4,3,2,0.6673200599853719,1,1,2,0.9,4,1,0,2,4,2,2,2,0,2,2,2,2,3,4,2,2,3,3,4,4,2,1,1
3.226386630125707,1,0.9214939275499686,0.6937348188749214,4,1,3,3,1,0,0.6881325905625393,2,3,3,4,2,2,2,0.8787955433752357,2,3,4,0.8885060724500314,2,3,0,3,2,1,4,3,0,3,3,4,3,4,3,1,1,1,4,2,2,4,3,1
2.2237058934746647,4,0.9358080448527726,0.7016160897055452,2,2,2,3,5,1,0.7819318990812615,4,2,4,1,2,3,3,0.942417960753824,3,2,1,0.7740340504593692,3,2,0,2,4,5,3,3,0,2,2,1,3,4,1,2,3,2,2,4,3,3,2,2
2.082133448987884,3,0.8111370883342832,0.9044076256564505,2,1,3,1,1,2,0.8,2,2,2,2,2,2,1,0.7720381282822526,2,2,2,0.7848343154540273,2,2,0,3,2,2,2,3,0,2,2,2,2,3,2,1,2,1,2,3,3,2,2,1
2.0198832819585366,3,0.5281181537955655,0.688894235885632,4,1,4,5,4,2,0.3225412102530377,4,5,4,5,4,5,1,0.7249175794939245,5,4,4,0.688894235885632,4,5,0,5,5,5,4,4,0,5,5,5,5,5,4,5,5,4,5,4,4,5,4,1
2.08046379925042,0,0.9617794608043844,0.7091102695978078,2,5,1,3,2,1,0.8656672978016441,2,1,4,3,1,1,2,0.9791102695978078,2,1,2,0.7056672978016441,2,1,1,2,2,2,2,2,0,1,1,2,4,3,1,3,3,3,1,2,2,2,2,1
2.507204126016889,1,0.936999355309861,0.7462987750887361,1,1,3,2,3,4,0.6538003868140834,3,2,3,4,2,3,2,0.6130006446901388,2,2,3,0.8315994842478889,2,2,0,3,2,3,4,3,1,2,2,3,3,3,4,3,2,3,2,2,2,3,3,1
2.814823804051831,1,0.9678417897250315,0.7194238924747158,1,2,1,2,3,1,0.7027343178002525,1,3,3,2,3,3,2,0.5978417897250315,3,3,1,0.9676268458754735,2,3,0,2,2,3,4,3,0,3,3,1,3,4,2,3,2,4,3,2,2,3,3,1
2.70292728556941,1,0.82754219048362,0.6434335713728501,2,5,3,2,2,0,0.65262657145086,3,2,3,4,4,2,1,0.8485179523400901,3,2,3,0.95474685709828,1,3,0,4,3,2,4,2,0,3,3,3,2,2,4,4,4,1,3,3,4,1,1,1
2.445362543698878,1,0.8468277971995014,0.7896299169485667,4,1,3,2,3,1,0.927439576050187,1,2,4,2,2,1,2,0.6890181380978811,2,2,2,0.69,3,5,0,3,2,3,3,3,1,2,2,2,3,4,2,3,4,4,2,3,2,3,4,1
2.7848318278831394,1,0.9375963869195341,0.7784495483649418,2,2,3,2,2,1,0.6753486450948254,4,3,3,4,3,2,2,0.8103363442337216,2,3,4,0.9620672688467443,3,1,1,2,1,2,1,1,0,1,1,4,1,4,2,3,1,1,3,1,2,1,5,2
1.9787123326354668,3,0.9256103515804592,0.8547199357861258,3,1,2,2,1,2,0.8406605747331704,2,1,2,2,4,2,2,0.8034657505234,2,1,2,0.7831019810550075,4,1,0,2,4,3,2,3,0,2,2,2,2,2,3,2,2,2,2,4,4,2,2,1
2.3875268977076542,1,0.9454063512161011,0.8540285171652713,3,3,1,3,5,2,0.8143110829745851,4,2,2,1,2,4,1,0.8243460779703246,3,2,1,0.6521905364830319,4,1,0,3,3,5,3,3,1,2,2,1,2,2,2,1,3,2,2,3,2,2,3,2
2.733039255161004,3,0.6797654216703946,0.7994747645393544,2,1,2,2,2,2,0.7927485980299642,2,2,2,2,3,4,2,0.9,2,2,3,0.9362570098501793,3,1,0,2,3,2,1,4,0,2,2,2,2,3,2,2,2,3,3,4,2,2,2,1
2.717001006756212,3,0.7501299532905072,0.7853482200350396,2,2,1,2,1,1,0.7453482200350395,3,3,2,2,4,3,1,0.771216253232108,2,2,3,0.7853482200350396,4,3,0,3,4,5,2,4,0,3,4,4,2,4,4,1,5,1,3,4,3,3,4,1
2.7991334357581406,2,0.8916903544376226,0.7021733128483718,2,0,2,2,3,1,0.8351704158925068,3,3,2,2,3,3,2,0.8827556238387604,2,3,3,0.7914488752322479,2,4,0,1,3,3,4,3,2,2,3,3,1,3,4,3,2,3,3,3,3,3,2,1
2.0218424667236015,1,0.8641849825849403,0.9467930383131314,2,3,4,2,3,2,0.7394010940413227,3,1,1,1,3,2,3,0.7286959721359043,2,1,1,0.8577179512378327,4,1,0,4,2,3,5,2,0,3,3,1,3,3,2,2,2,4,2,3,2,3,3,1
1.851518315035217,1,0.9173930468941127,0.7549026004000118,2,2,4,4,5,2,0.89,4,2,2,4,3,1,1,0.7222956472941245,4,2,2,0.8932295647294125,2,2,1,5,1,5,1,4,2,1,1,2,2,2,2,4,1,3,3,1,1,4,2,1
3.3690417806117647,3,0.7743369663661908,0.7518074477907482,2,3,2,2,1,1,0.8469891009014278,3,2,2,1,5,3,1,0.9043369663661908,2,2,3,0.7518074477907482,4,4,0,2,4,5,2,4,0,2,4,3,2,4,3,1,4,1,4,4,3,3,4,1
2.4839585172854473,1,0.8870832251262074,0.7972916774873793,2,1,3,1,2,0,0.7566668397980681,3,3,1,2,3,2,1,0.648333419899034,2,2,2,0.9010417424116548,2,3,0,2,2,3,2,4,0,3,2,3,2,1,3,1,2,2,2,2,2,2,3,1
2.282890280286889,1,0.7951177136564509,0.9270662846917327,2,1,5,3,2,4,0.8924411431717746,2,1,1,2,3,2,3,0.8022057158588728,2,1,2,0.9078160016518164,3,1,0,2,1,2,4,3,0,3,3,2,3,4,3,3,2,5,2,4,2,3,3,1
2.348829531522144,1,0.874707382880536,0.6970610743208039,3,4,4,2,3,1,0.8735241599181242,4,3,2,1,2,3,1,0.7609838933879173,1,3,1,0.6313825525369063,2,3,1,5,3,3,2,1,0,4,4,1,2,3,3,4,2,5,2,4,4,4,2,1
2.4114078345369556,1,0.9954368661852177,0.7877184330926088,1,3,3,2,2,2,0.8931552992778264,3,3,4,2,4,2,1,0.7925350743415458,3,3,4,0.9025350743415458,2,2,1,2,3,2,2,2,0,2,2,4,2,2,4,3,4,1,1,2,1,1,1,2
2.321833775560724,0,0.9373853890274547,0.9895415561098191,1,3,3,4,2,1,0.8862648414677925,4,3,2,4,3,3,2,0.79,4,3,2,0.9499150719630397,3,1,0,2,2,2,3,2,0,3,3,2,4,2,3,3,1,3,1,1,4,4,2,1
2.369101710871229,1,0.9868784096409765,0.6965607951795117,2,5,1,3,2,1,0.8750794036153662,2,1,4,3,1,1,2,0.9665607951795118,2,1,2,0.7150794036153661,2,1,1,2,2,2,2,2,0,1,1,2,4,3,1,3,3,3,1,2,2,2,2,1
2.451281805573441,2,0.8247987103046849,0.7639194841218739,4,0,3,3,3,0,0.7506247815952819,2,3,3,2,2,2,1,0.669120773817189,2,3,2,0.7082415476343781,3,5,1,3,3,3,4,3,2,3,3,2,4,4,2,3,5,4,2,3,2,4,4,1
2.5245675288937166,2,0.7563581177765708,0.9145371766648562,3,3,2,4,2,2,0.9354628233351437,2,4,2,1,4,4,1,0.7990440011008517,2,4,2,0.6918512933405753,3,3,0,2,3,2,3,2,0,4,4,2,2,1,3,1,4,4,4,2,2,2,2,1
1.69494347678158,3,0.8759941480106268,0.7865341135985832,4,1,1,1,1,2,0.9913352839964577,4,1,1,1,4,4,1,0.9065341135985832,4,2,1,0.9230682271971662,5,1,0,1,4,1,1,3,0,1,1,1,1,3,2,1,1,1,1,5,4,1,1,0
2.2756437042671083,1,0.9346931112801327,0.6297230381075063,3,1,3,3,2,2,0.7918413323192045,3,2,3,2,3,3,2,0.8346332576253851,2,2,2,0.7656437042671086,2,2,0,3,2,2,3,2,1,2,3,3,3,2,3,2,2,2,3,2,2,3,1,1
2.6249757101835405,1,0.7775170028715217,0.7724829971284783,2,4,3,2,3,1,0.7624732812018945,3,2,2,3,2,4,2,0.9375072869449379,3,2,3,0.9224344174955592,4,5,0,3,3,4,2,4,1,2,2,3,1,4,4,1,5,3,3,1,3,4,4,2
2.2616106644120384,2,0.6929535998823673,0.7964767999411837,2,2,2,3,2,2,0.8240928002352655,3,3,3,2,4,3,0,0.7631082669411431,3,3,4,0.7153375995882854,4,3,0,3,4,4,3,4,0,3,5,4,2,4,4,2,4,2,3,4,3,4,4,1
2.499891427054978,2,0.8915464506260237,0.7614595922700063,2,3,3,2,2,1,0.8971459592270007,3,4,4,2,4,2,2,0.8499348562329869,3,4,5,0.7772762467610268,2,2,1,2,4,2,2,2,0,2,2,5,2,2,4,3,4,2,1,2,1,2,2,2
2.297177613824055,2,0.5889309181487941,0.8560197376717732,2,1,2,2,2,1,0.6461151280113755,2,3,3,2,2,3,3,0.7679605246564537,1,3,3,0.9471842098625816,2,2,1,3,2,2,3,2,0,3,3,3,3,2,3,3,2,2,3,2,3,2,3,2
2.011552405801079,3,0.7872171867940548,0.980404627213784,2,1,2,2,2,2,0.9440132206108114,2,2,2,2,4,2,2,0.9216019830916218,3,2,2,0.7415854573281074,4,2,0,2,4,3,2,4,0,2,2,2,2,2,2,2,2,2,2,4,4,2,3,1
2.1863892224530557,1,0.9454865280663194,0.7286459584198958,3,3,2,2,4,2,0.7477432640331597,4,2,4,1,2,4,2,0.9272919168397917,2,2,1,0.7994782910607292,3,2,1,3,4,4,3,3,1,1,1,1,3,4,1,2,3,3,2,4,3,2,3,1
1.939281638298993,3,0.6337896916695769,0.7616527841687039,2,2,4,3,4,0,0.89,4,4,3,3,4,4,1,0.8531051541652116,5,4,3,0.6340734008295501,4,5,0,4,4,4,3,5,0,4,5,4,4,4,4,3,4,4,4,4,4,4,4,1
2.501303351598176,2,0.7621741621004561,0.923261243150684,3,3,2,4,2,0,0.926738756849316,2,4,2,2,3,4,1,0.8484803778538763,3,4,2,0.6569550273972639,3,3,0,2,2,2,3,2,0,3,3,2,2,1,2,2,3,4,4,2,1,2,3,1
2.077142182062795,0,0.8894139626882824,0.895164601483275,2,3,2,1,2,1,0.721538643290786,3,2,2,3,1,2,2,0.7553117015062591,3,2,2,0.6288279253765647,2,2,1,1,1,2,2,3,1,3,3,2,3,2,1,3,2,2,1,2,2,2,3,1
2.0496959225895406,3,0.9132159975028884,0.8261560068670569,3,1,4,1,3,0,0.6464319950057769,4,2,2,1,2,3,1,0.8396479925086652,1,2,2,0.9706279956300548,4,2,1,5,4,3,3,1,1,4,4,2,4,3,2,2,3,4,2,3,2,3,3,1
3.0904538020997685,1,0.7969781275852662,0.8429311119947801,1,4,2,2,3,0,0.7651361406299305,1,2,4,2,2,3,3,0.5924773098950116,3,2,1,0.842023507795243,2,2,1,2,3,3,3,3,0,4,4,1,2,5,2,1,4,2,2,2,4,3,3,1
3.0333481409892005,0,0.8877986339325631,0.7093208196404621,1,2,1,3,2,1,0.7544027321348739,4,3,1,3,2,3,2,0.7579624589213865,4,3,2,0.7611945357302523,5,1,0,3,1,2,3,3,1,2,2,2,4,2,4,3,1,3,2,2,3,4,2,1
2.183541505057564,0,0.92,0.6996861555814252,2,2,1,3,2,1,0.7287446223257009,3,3,1,2,1,3,2,0.7726461668606892,4,3,2,0.8415692220928739,4,2,1,2,1,2,2,3,1,3,3,2,4,3,3,4,3,3,1,1,2,2,2,1
2.7742426045480975,1,0.9389924557959171,0.6846059163615219,2,1,2,2,4,2,0.9948183440932878,3,1,1,1,1,1,2,0.9942426045480977,4,1,4,0.9251062138658831,3,2,1,1,2,4,2,4,1,3,3,4,3,2,3,3,3,2,2,4,1,3,2,2
2.7482138494175103,1,0.9027679904557608,0.8563389342529943,4,4,3,4,2,0,0.8795534623543776,3,1,2,2,4,2,2,0.7795534623543776,3,1,1,0.8143752545064524,4,3,1,1,3,2,1,3,1,4,4,1,2,2,2,4,4,4,2,3,3,3,3,1
2.4023984147869486,1,0.93,0.6038007926065257,2,2,1,1,1,2,0.6473604227234805,2,2,1,1,1,2,2,0.7476998678989124,2,1,2,0.8344796829573896,1,1,0,2,2,2,2,1,1,2,2,2,1,3,1,1,1,1,2,1,3,2,2,1
3.2233440779129268,1,0.9216291520927589,0.694072880231897,4,1,3,3,1,0,0.6879635598840514,2,3,3,4,2,2,2,0.877781359304309,2,3,4,0.8883708479072412,2,3,0,3,2,1,4,3,0,3,3,4,3,4,3,1,1,1,4,2,2,4,3,1
2.7926552700813208,1,0.8639829051219813,0.7072269707994496,3,0,2,2,4,1,0.8038651460027517,4,4,2,2,4,3,1,0.9058993357587892,2,4,3,0.8203532773576885,3,4,1,1,3,4,4,2,2,2,2,3,1,3,3,3,1,3,3,3,4,2,2,1
2.512951043438806,1,0.7785244782805969,0.8307315718760047,3,3,3,4,2,1,0.9392560501566016,2,4,2,1,4,4,1,0.6866707926557979,1,4,1,0.7336949932822046,2,2,1,3,3,2,2,2,0,5,5,1,2,1,3,2,4,5,4,2,3,3,2,1
2.53610525349245,1,0.8577478512738024,0.8383574022186477,3,2,2,2,4,1,0.7900930275265918,2,2,4,2,2,2,3,0.6947417382908732,2,2,1,0.8469008594904791,4,4,0,3,4,4,2,1,0,2,2,1,2,2,4,4,4,2,1,3,2,2,3,1
2.7409783416065103,1,1.0,0.89902165839349,3,2,2,2,4,1,0.7293502481953004,3,2,3,2,2,2,3,0.7203285898018104,2,2,1,0.7811949255414099,3,4,0,3,5,4,1,1,0,2,2,1,2,1,3,4,3,2,1,3,2,2,3,1
2.583353649953267,1,0.9055868887418217,0.8373170800373864,2,1,2,2,3,2,0.8230182849579404,3,1,1,1,1,1,2,0.8033536499532671,4,1,4,0.762850602460277,3,2,1,1,2,3,2,4,1,3,3,4,3,2,3,3,3,2,2,4,1,3,2,2
2.291343674030625,2,0.7227335500253285,0.7899596364483075,2,0,1,3,2,2,0.6474279041814416,3,3,2,3,3,4,2,0.7,1,3,3,0.904204153123417,1,1,0,4,3,2,3,2,0,3,3,3,3,3,2,4,2,2,2,2,3,4,2,1
2.0166009349550076,1,0.84,0.927091644717097,4,1,4,3,2,2,0.987875869106299,2,3,4,3,2,2,1,0.6848039439026995,1,3,2,0.6155881682919013,3,4,1,1,2,2,4,1,1,3,3,2,3,1,3,2,5,1,2,1,1,3,4,2
2.0969258246189866,1,0.9266148350762027,0.8075095607409108,2,3,3,1,2,2,0.7815370876905068,2,2,3,1,2,2,2,0.6509533515685824,3,2,4,0.5956614835076203,1,2,0,1,1,2,2,4,0,3,3,4,2,2,2,1,3,1,3,3,2,2,3,1
2.6205981062410504,1,0.9121046685921839,0.8075215150071595,2,1,2,2,3,2,0.8565382956169456,3,1,1,1,1,1,3,0.8405981062410506,4,1,4,0.7945083903048931,3,2,1,1,2,3,2,4,1,3,3,4,3,2,3,3,3,2,2,4,1,3,2,2
1.8679855617728962,3,0.9692074950973891,0.8685360156883547,3,1,1,2,1,2,0.8576224852921676,4,1,1,1,3,2,1,0.7668299803895566,4,1,1,0.7729884813700788,5,1,0,1,3,2,1,2,1,1,2,2,1,3,3,1,1,1,2,4,3,1,3,1
2.2308857937580835,1,0.8764906349132355,0.9381056190520586,4,1,2,3,1,1,0.7602793968091184,3,1,2,2,2,2,2,0.7447359523698533,2,1,2,0.697686523838381,3,2,1,2,3,1,4,1,0,3,3,2,3,4,3,2,3,2,1,3,2,3,2,1
1.7680884860586676,1,0.7499668821498497,0.9045635188273546,1,1,1,3,3,1,0.7832043985341933,3,2,2,3,3,2,2,0.7809391980455911,2,2,2,0.8977347995113978,4,3,0,3,2,3,3,2,0,2,3,2,3,2,3,2,4,3,3,2,1,3,1,1
2.5300619816597645,2,0.7549845045850588,0.9124767568775882,3,3,2,4,2,0,0.9375232431224118,2,4,2,1,4,4,1,0.7873682889730003,2,4,2,0.700092972489647,3,3,0,2,3,2,3,2,0,4,4,2,2,1,3,1,4,4,4,2,2,2,2,1
1.5772764219142985,3,0.9438789873571355,0.7774828016857153,4,1,1,1,1,2,0.9687070042142881,4,1,1,1,3,2,1,0.8974828016857153,4,2,1,0.9049656033714306,5,1,0,1,3,2,1,3,0,1,2,2,1,3,2,1,1,1,1,5,3,1,2,0
2.0571146421063196,1,0.8504390762012123,0.7150940877574026,2,5,1,2,2,0,0.9195609237987877,3,3,4,4,1,1,1,0.8956586143018185,3,3,2,0.6949686374141991,2,2,0,2,3,2,2,3,0,2,2,2,5,2,1,3,3,2,1,2,2,2,2,1
2.3235558699284953,1,1.0,0.695740406352467,4,2,3,2,1,2,0.6872669301742188,2,1,2,2,4,3,2,0.6470840857069491,1,1,2,0.8842138825307155,4,1,1,2,4,2,2,1,0,2,2,3,3,3,5,2,2,3,3,4,4,2,1,2
2.65084635108183,1,0.8607819621180623,0.8419779173752207,2,3,2,2,1,3,0.629282426845705,3,3,1,3,4,1,2,0.8876080894856835,1,2,3,0.8753909810590312,3,2,0,2,2,3,2,2,0,2,2,3,1,3,2,2,2,2,2,3,3,4,3,1
2.517922786978957,1,0.8530347541665143,0.7153977052076861,2,2,1,1,3,0,0.8916293442708143,1,2,3,2,3,1,2,0.8242162296871003,4,2,2,0.773706557291857,1,5,0,4,1,3,2,4,1,2,2,2,3,4,3,3,3,4,2,3,4,4,4,1
2.8633042513517766,1,0.8514113749480086,0.907056874740043,2,3,3,1,3,2,0.6028227498960171,4,3,2,2,3,2,1,0.6836488127339613,3,3,2,0.9710668135658238,2,2,0,1,3,3,3,4,0,3,3,2,3,4,1,2,1,1,2,3,2,2,4,1
2.5862402896287158,3,0.8927257834618947,0.853514506166821,3,2,2,2,4,2,0.7679403371408,2,2,4,2,2,2,1,0.6935758072179368,2,2,1,0.8329096866152421,4,4,1,3,4,4,2,1,0,2,2,1,2,2,4,4,4,2,1,3,2,2,3,1
2.9924282370367132,1,0.8281442082620865,0.6947720358974919,1,2,4,2,2,2,0.773711583475827,2,2,1,3,3,1,3,0.8997348868945838,3,2,4,1.0,3,1,1,4,1,2,2,3,0,3,3,4,4,4,2,3,3,3,2,3,4,3,3,2
2.4799570931085757,1,0.9085775581273463,0.7548534651235922,2,2,1,2,4,2,0.8079914186217152,4,2,4,1,3,4,3,0.8347283836928966,3,2,2,0.8355646860599191,4,2,0,3,4,4,2,2,0,1,1,2,3,3,2,1,2,3,2,4,4,3,3,1
2.781793092757251,1,0.7098391410422428,0.8028276289709949,2,2,1,3,1,1,0.7634253265567453,2,3,3,2,4,3,1,0.711356254129258,2,3,4,0.8028276289709949,4,3,0,3,3,4,2,4,0,3,5,3,2,4,3,1,4,1,2,4,3,4,4,0
2.70990647869904,1,0.8030189671150352,0.7,1,5,2,2,2,0,0.7828292959646835,4,3,3,4,3,2,1,0.8475474177875879,3,3,2,0.8726422533627637,2,2,0,4,3,2,4,3,0,2,2,2,3,2,3,3,3,1,2,3,3,1,1,2
2.1903326771240215,4,0.9495379095931522,0.8042143763860871,2,2,1,3,1,0,0.725656210331087,3,3,2,2,2,2,1,0.5816450977861957,2,3,2,0.6573013081172826,4,3,1,1,1,1,2,4,2,3,3,2,3,2,2,4,2,2,2,1,2,4,4,0
2.7470738850492236,1,0.8585972931065412,0.8286576436884706,2,5,4,3,2,1,0.726493232766353,2,4,3,4,2,3,2,0.89,3,4,1,0.807013534467294,2,2,0,2,2,2,5,1,0,3,3,1,2,1,5,4,4,2,2,3,4,2,2,1
3.030019306282036,1,0.8453981648130489,0.8945825289049152,1,4,3,2,3,0,0.7250096531410181,1,2,2,3,2,2,1,0.7733011561966067,2,2,2,0.8541554046688123,2,2,1,2,3,3,3,3,0,3,4,2,1,4,2,1,3,1,2,2,4,4,3,1
2.6964041973289836,2,0.8854561678931594,0.7,3,0,1,2,3,2,0.8718068247478845,3,3,2,3,4,2,2,0.8945438321068406,2,3,2,0.8490698173889285,2,4,1,1,2,3,4,3,2,3,3,2,1,2,4,2,2,3,3,3,3,3,2,1
2.43,1,0.7899509825079908,0.9412197213164788,4,2,2,3,2,2,0.8994146480877653,2,4,2,2,3,3,2,0.9800980349840185,4,4,3,0.5693166131037468,3,4,0,2,2,2,2,2,0,2,2,3,1,1,2,3,3,3,3,3,1,2,3,2
2.38648349172497,1,0.5498066570858994,0.914555894487969,3,1,2,2,1,2,0.8069486810996129,3,2,3,3,1,3,2,0.8289184460618374,1,2,3,0.9629728153539459,1,2,0,3,2,1,3,3,0,2,2,3,2,1,3,2,2,2,4,1,4,1,1,1
2.2268689643672817,1,0.941850018403022,0.7362095097881737,2,3,2,3,4,0,0.7511642830852826,3,2,4,1,2,3,3,0.916804791700131,3,2,1,0.79,3,2,1,3,4,4,3,3,0,2,2,1,2,4,2,1,3,2,2,3,4,3,3,1
2.9113579229652724,1,0.9567490898738489,0.8801236348107734,1,3,3,2,2,2,0.670411429384833,2,2,1,3,3,1,3,0.9814815577760457,1,2,4,0.9366254550630756,3,1,1,2,1,2,2,3,0,2,3,3,1,3,2,2,2,1,2,3,4,3,3,2
2.6142088652107036,1,0.610695251784682,0.7506952517846819,3,2,1,2,1,1,0.7265689858283608,2,2,2,2,4,3,1,0.8978316453915719,4,2,3,0.688042088652107,4,4,0,2,3,4,2,4,1,2,4,2,2,2,2,1,2,2,2,4,3,4,4,0
2.461851284518659,2,0.7691916097374504,0.7451447089387384,3,0,4,5,4,0,0.33861277398249673,4,5,3,5,4,5,1,0.6927744520350065,5,4,4,0.7451447089387384,4,5,1,5,5,5,4,4,3,5,5,5,5,5,3,5,5,4,5,4,4,5,4,1
