,GPA_S1,Age_group,LAB_AVG,CLIN_AVG,Study_hrs_day,Sleep_hrs,Adequate supervision,Self-motivates,Programme prepares for career,Financial_diff,CA_AVG,Takes rest breaks,Concentration in self-study,Manages time effectively,Persists when difficult,Physical health affected,Lecturers approachable,Self_risk_percep,ATT_RATE,Sleep affects concentration,Peer study groups effective,Seeks help when stuck,EXAM_AVG,Hopeless/unmotivated,Sense of belonging,Gender,Completes readings,Burnt out,Clinical takes study time,Can improve performance,Health interferes studies,Employment_hrs,Takes organised notes,Early intervention provided,Participates in clubs,Confident in clinical skills,Anxious about assessments,Regular exercise,Confident to complete prog,Understands content pre-exam,Uses library regularly,Prepared for clinical assess,Considered break,Sleep difficulty,Reviews notes within 24h,Rotations affect performance,ASSIGN_LATE
GPA_S1,0.0,0.017014489,0.022448467,0.036457174,0.008609393,0.029506268,0.015120965,0.017874941,0.0078001814,0.01908059,0.016379362,0.016217008,0.017164458,0.018154237,0.01615159,0.0100672925,0.0030140984,0.0070537794,0.02066936,0.007960611,0.004761778,0.027417088,0.02999202,0.0042673894,0.010832563,0.012214807,0.0010873448,0.0020701748,0.0066982177,0.030187532,0.005306439,0.0038918513,0.008305754,0.0064537823,0.009848552,0.0064992653,0.006388875,0.0023467175,0.0033992373,0.022126855,0.011215928,0.003971205,0.009332858,0.040012684,0.0036172064,0.002684839,0.0
Age_group,0.017014489,0.0,0.0061243623,0.0436586,0.0,0.005388067,0.008432769,0.01430707,0.007465188,0.0037443116,0.0045592673,0.005697747,0.002485076,0.0,0.008995457,0.0053214887,0.021193996,0.009380759,0.0059698354,0.0036210956,0.006231072,0.0032325527,0.022673968,0.021353083,0.0037342922,0.010398295,0.0035193525,0.0,0.004764032,0.0019899043,0.0043364456,0.0124668535,0.0072294334,0.0028530282,0.0059626387,0.0,0.0018495291,0.0,0.0027483597,0.0,0.0030177182,0.001644227,0.0051999995,0.0022259755,0.0026644184,0.011183489,0.0
LAB_AVG,0.022448467,0.0061243623,0.0,0.010534035,0.004236944,0.016918182,0.008051814,0.009156764,0.0012733863,0.0050815484,0.01573915,0.0055544255,0.0033464718,0.010447619,0.022904256,0.0036942824,0.0041863904,0.00219496,0.018922567,0.009950159,0.0048704403,0.004323944,0.039352853,0.005145729,0.014346537,0.0021227882,0.017734643,0.0026814037,0.010048922,0.0018030414,0.0023327242,0.001105452,0.019556776,0.0079557,0.001443021,0.005386242,0.006679846,0.0067031765,0.0013542129,0.002483565,0.0037502078,0.0031095354,0.005739162,0.007616779,0.0018371542,0.0,0.0013869851
CLIN_AVG,0.036457174,0.0436586,0.010534035,0.0,0.005367304,0.008349019,0.0045078276,0.0049848254,0.0038289952,0.0049667265,0.016055014,0.020857865,0.0028180794,0.00340306,0.022374606,0.0067018853,0.0040877033,0.008761243,0.011228164,0.009820259,0.0066573923,0.0056648515,0.013773626,0.008781424,0.0020948763,0.004189486,0.009174643,0.0019166574,0.0020678083,0.0015552673,0.0045572156,0.0014943208,0.004705721,0.007980913,0.007787805,0.009107932,0.0029250132,0.0059581636,0.0017722389,0.0015154661,0.0,0.0047907904,0.009333124,0.009733871,0.0013217784,0.0016472972,0.0
Study_hrs_day,0.008609393,0.0,0.004236944,0.005367304,0.0,0.0059498996,0.005684417,0.0047708424,0.0016275693,0.0037697786,0.0118482625,0.0047122194,0.0055295224,0.016105277,0.0010101211,0.0030283425,0.0,0.0,0.008612944,0.006397903,0.0031126235,0.0034048054,0.009569717,0.015283506,0.01860475,0.0,0.0,0.0020209255,0.003639472,0.0034388537,0.0,0.0,0.0,0.0014393964,0.0018630471,0.012173628,0.003583351,0.0,0.0,0.003725324,0.0012686935,0.004975056,0.0040273005,0.0,0.00215315,0.0034440432,0.0
Sleep_hrs,0.029506268,0.005388067,0.016918182,0.008349019,0.0059498996,0.0,0.0019963558,0.0,0.0068004187,0.011829087,0.00399343,0.004740005,0.01731298,0.0,0.006481036,0.014524241,0.0071132923,0.004467305,0.0031313826,0.01753458,0.0013163176,0.014127775,0.02391977,0.0012740758,0.0066866637,0.0038048597,0.0,0.0014245172,0.0014571568,0.005839402,0.0019546445,0.0019974692,0.0,0.0,0.0,0.0,0.0,0.0017019644,0.0040395116,0.005623691,0.0074908603,0.0,0.0,0.0,0.0046455488,0.0016999772,0.0031465658
Adequate supervision,0.015120965,0.008432769,0.008051814,0.0045078276,0.005684417,0.0019963558,0.0,0.0032801942,0.003018293,0.0015885412,0.0020678793,0.00789953,0.0013698465,0.0036244718,0.0096229855,0.004577896,0.006212354,0.002976205,0.015800616,0.00658108,0.0014328558,0.005517315,0.0033605625,0.008207471,0.000894212,0.0077111265,0.0,0.0022907008,0.001417485,0.0010735724,0.00064746814,0.0012710635,0.012045354,0.0016103663,0.0,0.0024575149,0.0028746554,0.00083642954,0.0062695476,0.0012928314,0.004606708,0.0031393832,0.0009293926,0.0055817585,0.0,0.0,0.0
Self-motivates,0.017874941,0.01430707,0.009156764,0.0049848254,0.0047708424,0.0,0.0032801942,0.0,0.011939547,0.0033187838,0.00878053,0.0009822878,0.0016621096,0.0010682254,0.0067384546,0.0057132924,0.004254042,0.0016918854,0.005049953,0.0007963052,0.0,0.0009226859,0.0127650825,0.0030026466,0.0019852594,0.0,0.0,0.0009738747,0.0037464665,0.0014332054,0.0012788299,0.0,0.001838477,0.005813176,0.004176862,0.0,0.0,0.0032218199,0.003471719,0.0,0.002949555,0.0,0.0,0.0,0.0114440285,0.0017199995,0.0
Programme prepares for career,0.0078001814,0.007465188,0.0012733863,0.0038289952,0.0016275693,0.0068004187,0.003018293,0.011939547,0.0,0.008546053,0.002690173,0.0,0.01597885,0.0048923907,0.00816202,0.011627129,0.0042256853,0.005100142,0.0029998638,0.0031174899,0.005801795,0.0,0.0026446776,0.0035250676,0.008016317,0.0,0.0,0.015530719,0.0,0.0069685476,0.0009906229,0.0019864829,0.0,0.0,0.0049208733,0.0,0.017774513,0.0013913999,0.0,0.0040589967,0.0,0.0,0.009534073,0.0,0.0,0.0045717494,0.0017115822
Financial_diff,0.01908059,0.0037443116,0.0050815484,0.0049667265,0.0037697786,0.011829087,0.0015885412,0.0033187838,0.008546053,0.0,0.0095175635,0.0025049946,0.0026135712,0.0015896923,0.0014463438,0.0030247367,0.0019238066,0.011822118,0.0045997184,0.0035817286,0.0012157657,0.0024311873,0.0028745541,0.010223005,0.011763023,0.0,0.0022731782,0.0035454966,0.0049988367,0.0,0.0,0.0025518732,0.002465205,0.002803991,0.0013644764,0.0019373968,0.004369988,0.005548171,0.004948821,0.002887195,0.0017204343,0.0,0.0010381861,0.0,0.008244809,0.0,0.0
CA_AVG,0.016379362,0.0045592673,0.01573915,0.016055014,0.0118482625,0.00399343,0.0020678793,0.00878053,0.002690173,0.0095175635,0.0,0.0058138887,0.019261234,0.0012227169,0.0061854394,0.0062351814,0.0027989526,0.016384473,0.05490474,0.0034075454,0.022528991,0.02862271,0.009967397,0.014162217,0.003202376,0.0025114503,0.009399352,0.0030459308,0.0036004018,0.0043976265,0.00390085,0.0030584258,0.0,0.0048059598,0.0077319443,0.0045798323,0.011921689,0.0016459643,0.004886612,0.008956261,0.0026741996,0.0011711555,0.0017731119,0.0,0.006801345,0.0,0.0
Takes rest breaks,0.016217008,0.005697747,0.0055544255,0.020857865,0.0047122194,0.004740005,0.00789953,0.0009822878,0.0,0.0025049946,0.0058138887,0.0,0.0,0.00954853,0.0029873569,0.0066996184,0.0,0.006077421,0.0048329383,0.0018844282,0.0023397584,0.0017037424,0.0021704528,0.0026145387,0.002521602,0.0,0.005095263,0.0065522706,0.0036929208,0.0,0.021923257,0.008872243,0.0,0.011729915,0.005482173,0.0,0.0,0.011431895,0.0037326058,0.008778692,0.0,0.0,0.0026276328,0.0020245619,0.008483232,0.0,0.0010161684
Concentration in self-study,0.017164458,0.002485076,0.0033464718,0.0028180794,0.0055295224,0.01731298,0.0013698465,0.0016621096,0.01597885,0.0026135712,0.019261234,0.0,0.0,0.0008364328,0.0025761437,0.0037914077,0.008029503,0.0006085373,0.0022230393,0.001514318,0.0,0.013659499,0.0021961988,0.0024291633,0.01605343,0.005300032,0.0,0.0,0.0053157373,0.0017790381,0.0013502629,0.0039120913,0.0,0.006716009,0.012240097,0.0,0.0,0.0011251008,0.003202099,0.0053403825,0.0,0.001363292,0.0038588934,0.0,0.0036108212,0.0,0.0
Manages time effectively,0.018154237,0.0,0.010447619,0.00340306,0.016105277,0.0,0.0036244718,0.0010682254,0.0048923907,0.0015896923,0.0012227169,0.00954853,0.0008364328,0.0,0.01241061,0.026257493,0.0,0.0009685619,0.01175874,0.0029800904,0.0,0.0,0.0031181548,0.0,0.002217969,0.0009678385,0.0,0.0058799707,0.003955814,0.0029984603,0.0012585899,0.0029631713,0.0,0.0029516618,0.002715262,0.00077009294,0.00075648224,0.008956794,0.0,0.008236587,0.008069461,0.0,0.0,0.0013477599,0.0015264273,0.0040057823,0.0
Persists when difficult,0.01615159,0.008995457,0.022904256,0.022374606,0.0010101211,0.006481036,0.0096229855,0.0067384546,0.00816202,0.0014463438,0.0061854394,0.0029873569,0.0025761437,0.01241061,0.0,0.0011105912,0.0012334093,0.0,0.005507294,0.0018734644,0.0,0.0,0.0,0.002541563,0.0,0.0021593347,0.0,0.0,0.0031641494,0.0026209482,0.012339978,0.0,0.0,0.0020216524,0.0,0.0,0.0,0.0023946725,0.0,0.020355767,0.0,0.004609032,0.003108825,0.0,0.0,0.0,0.0026222195
Physical health affected,0.0100672925,0.0053214887,0.0036942824,0.0067018853,0.0030283425,0.014524241,0.004577896,0.0057132924,0.011627129,0.0030247367,0.0062351814,0.0066996184,0.0037914077,0.026257493,0.0011105912,0.0,0.003971979,0.0032952547,0.0040282034,0.0015805605,0.0,0.0,0.00934828,0.0021268474,0.008464988,0.0,0.003671205,0.0070493715,0.0028252874,0.004821175,0.0063917283,0.0026224698,0.0010758563,0.008315269,0.0,0.0021125907,0.0,0.0032363296,0.0,0.0,0.0020021934,0.0,0.0,0.0,0.0,0.0,0.0
Lecturers approachable,0.0030140984,0.021193996,0.0041863904,0.0040877033,0.0,0.0071132923,0.006212354,0.004254042,0.0042256853,0.0019238066,0.0027989526,0.0,0.008029503,0.0,0.0012334093,0.003971979,0.0,0.004261116,0.0006892638,0.0022251077,0.006972623,0.0,0.003468434,0.0016073436,0.009265943,0.0,0.001774197,0.0,0.001875654,0.0034640597,0.0026418793,0.003766585,0.0,0.00092540577,0.0,0.0,0.0,0.0070018093,0.0,0.0,0.0,0.0046659335,0.0017706432,0.0095419595,0.0,0.0,0.0
Self_risk_percep,0.0070537794,0.009380759,0.00219496,0.008761243,0.0,0.004467305,0.002976205,0.0016918854,0.005100142,0.011822118,0.016384473,0.006077421,0.0006085373,0.0009685619,0.0,0.0032952547,0.004261116,0.0,0.016195396,0.0015258796,0.0123968925,0.0054972083,0.021622278,0.003336141,0.0052731372,0.003013316,0.0036208532,0.0,0.0038651775,0.0032768634,0.0028652677,0.0,0.0010231299,0.0023583795,0.0,0.0044043795,0.0,0.0008295106,0.0,0.0,0.0,0.0075812275,0.0,0.0,0.003197276,0.0025146957,0.0012731168
ATT_RATE,0.02066936,0.0059698354,0.018922567,0.011228164,0.008612944,0.0031313826,0.015800616,0.005049953,0.0029998638,0.0045997184,0.05490474,0.0048329383,0.0022230393,0.01175874,0.005507294,0.0040282034,0.0006892638,0.016195396,0.0,0.0015272398,0.0,0.014426556,0.007935024,0.02563076,0.0021053832,0.004704432,0.0035655734,0.019383835,0.005203551,0.002159073,0.0048271785,0.03615981,0.0,0.0037204563,0.002838072,0.0,0.0006828399,0.007946324,0.004097372,0.0033298335,0.0020498647,0.011043815,0.0,0.004889682,0.0017318575,0.0073164357,0.0007984868
Sleep affects concentration,0.007960611,0.0036210956,0.009950159,0.009820259,0.006397903,0.01753458,0.00658108,0.0007963052,0.0031174899,0.0035817286,0.0034075454,0.0018844282,0.001514318,0.0029800904,0.0018734644,0.0015805605,0.0022251077,0.0015258796,0.0015272398,0.0,0.001988936,0.0014849664,0.018723879,0.0,0.0029451242,0.0,0.0011285375,0.0,0.004048841,0.0010864721,0.0,0.0,0.0020848378,0.0031048725,0.0017653065,0.0,0.0,0.0008145668,0.006609179,0.014760935,0.001718401,0.0015164299,0.0021849093,0.004366077,0.0031330546,0.00628194,0.001132882
Peer study groups effective,0.004761778,0.006231072,0.0048704403,0.0066573923,0.0031126235,0.0013163176,0.0014328558,0.0,0.005801795,0.0012157657,0.022528991,0.0023397584,0.0,0.0,0.0,0.0,0.006972623,0.0123968925,0.0,0.001988936,0.0,0.0052714455,0.014156506,0.009381929,0.0006631197,0.004794569,0.0,0.0011024129,0.016479371,0.0,0.00086245884,0.0,0.0,0.0010331081,0.0037212614,0.0,0.0,0.0,0.004380761,0.0025222977,0.0,0.0010767302,0.0,0.0,0.0,0.002534639,0.00079384743
Seeks help when stuck,0.027417088,0.0032325527,0.004323944,0.0056648515,0.0034048054,0.014127775,0.005517315,0.0009226859,0.0,0.0024311873,0.02862271,0.0017037424,0.013659499,0.0,0.0,0.0,0.0,0.0054972083,0.014426556,0.0014849664,0.0052714455,0.0,0.010407697,0.0,0.004553155,0.0056787394,0.0067164716,0.004499001,0.0,0.003861852,0.0023942322,0.0025224201,0.0,0.0017371129,0.0015026769,0.0,0.0,0.003442156,0.0,0.0,0.006208448,0.00822809,0.0,0.0020667282,0.0,0.0017422093,0.0
EXAM_AVG,0.02999202,0.022673968,0.039352853,0.013773626,0.009569717,0.02391977,0.0033605625,0.0127650825,0.0026446776,0.0028745541,0.009967397,0.0021704528,0.0021961988,0.0031181548,0.0,0.00934828,0.003468434,0.021622278,0.007935024,0.018723879,0.014156506,0.010407697,0.0,0.0028943853,0.0,0.0,0.0058428287,0.0,0.0064361277,0.010057683,0.0054336893,0.0035246876,0.0018141429,0.0027916573,0.0032053182,0.0029421044,0.0057641016,0.0014012476,0.003212747,0.002329274,0.0,0.001332961,0.004178423,0.0020866466,0.0025209878,0.0033558488,0.0028883612
Hopeless/unmotivated,0.0042673894,0.021353083,0.005145729,0.008781424,0.015283506,0.0012740758,0.008207471,0.0030026466,0.0035250676,0.010223005,0.014162217,0.0026145387,0.0024291633,0.0,0.002541563,0.0021268474,0.0016073436,0.003336141,0.02563076,0.0,0.009381929,0.0,0.0028943853,0.0,0.0064903647,0.0,0.0,0.0028940798,0.014054166,0.0013291626,0.0,0.0,0.0,0.0058800397,0.0,0.0,0.0024419043,0.0,0.0,0.0033021343,0.0018372177,0.00188981,0.0028583342,0.0,0.010584359,0.004733368,0.0
Sense of belonging,0.010832563,0.0037342922,0.014346537,0.0020948763,0.01860475,0.0066866637,0.000894212,0.0019852594,0.008016317,0.011763023,0.003202376,0.002521602,0.01605343,0.002217969,0.0,0.008464988,0.009265943,0.0052731372,0.0021053832,0.0029451242,0.0006631197,0.004553155,0.0,0.0064903647,0.0,0.0022547331,0.0,0.0,0.0,0.0,0.0,0.0010256146,0.0,0.0036818746,0.0070554633,0.0030211348,0.0,0.012018374,0.0,0.0011386996,0.0,0.002557729,0.0,0.0072913864,0.003000708,0.0,0.0
Gender,0.012214807,0.010398295,0.0021227882,0.004189486,0.0,0.0038048597,0.0077111265,0.0,0.0,0.0,0.0025114503,0.0,0.005300032,0.0009678385,0.0021593347,0.0,0.0,0.003013316,0.004704432,0.0,0.004794569,0.0056787394,0.0,0.0,0.0022547331,0.0,0.0018034956,0.0014562474,0.0,0.0,0.0,0.0,0.0,0.0,0.0,0.0013684855,0.0,0.0014106347,0.0051868297,0.0009680452,0.0011672375,0.0,0.0,0.005801589,0.0,0.0,0.0
Completes readings,0.0010873448,0.0035193525,0.017734643,0.009174643,0.0,0.0,0.0,0.0,0.0,0.0022731782,0.009399352,0.005095263,0.0,0.0,0.0,0.003671205,0.001774197,0.0036208532,0.0035655734,0.0011285375,0.0,0.0067164716,0.0058428287,0.0,0.0,0.0018034956,0.0,0.0,0.0,0.0,0.0,0.0029110962,0.0,0.0,0.002643834,0.0,0.0018085464,0.0010557423,0.0019641889,0.0,0.0015834307,0.000971794,0.0,0.0,0.0,0.0026582566,0.0010208694
Burnt out,0.0020701748,0.0,0.0026814037,0.0019166574,0.0020209255,0.0014245172,0.0022907008,0.0009738747,0.015530719,0.0035454966,0.0030459308,0.0065522706,0.0,0.0058799707,0.0,0.0070493715,0.0,0.0,0.019383835,0.0,0.0011024129,0.004499001,0.0,0.0028940798,0.0,0.0014562474,0.0,0.0,0.0011297776,0.0,0.0017974891,0.0016164324,0.0,0.0027746754,0.0,0.0050145844,0.0018325017,0.00213882,0.0,0.0,0.0010153486,0.0017796963,0.004032201,0.0,0.0,0.0,0.0
Clinical takes study time,0.0066982177,0.004764032,0.010048922,0.0020678083,0.003639472,0.0014571568,0.001417485,0.0037464665,0.0,0.0049988367,0.0036004018,0.0036929208,0.0053157373,0.003955814,0.0031641494,0.0028252874,0.001875654,0.0038651775,0.005203551,0.004048841,0.016479371,0.0,0.0064361277,0.014054166,0.0,0.0,0.0,0.0011297776,0.0,0.005958961,0.0011402171,0.0022441356,0.0010792201,0.0024050167,0.0,0.0,0.0061088675,0.0,0.0015205931,0.004666966,0.0015569757,0.0,0.0009414858,0.0,0.000894335,0.012429719,0.0
Can improve performance,0.030187532,0.0019899043,0.0018030414,0.0015552673,0.0034388537,0.005839402,0.0010735724,0.0014332054,0.0069685476,0.0,0.0043976265,0.0,0.0017790381,0.0029984603,0.0026209482,0.004821175,0.0034640597,0.0032768634,0.002159073,0.0010864721,0.0,0.003861852,0.010057683,0.0013291626,0.0,0.0,0.0,0.0,0.005958961,0.0,0.0,0.002013696,0.0,0.00078352215,0.006618583,0.0,0.005995939,0.0,0.0,0.008911388,0.0,0.0013152362,0.002095106,0.0,0.0014119727,0.0008738735,0.0
Health interferes studies,0.005306439,0.0043364456,0.0023327242,0.0045572156,0.0,0.0019546445,0.00064746814,0.0012788299,0.0009906229,0.0,0.00390085,0.021923257,0.0013502629,0.0012585899,0.012339978,0.0063917283,0.0026418793,0.0028652677,0.0048271785,0.0,0.00086245884,0.0023942322,0.0054336893,0.0,0.0,0.0,0.0,0.0017974891,0.0011402171,0.0,0.0,0.0049964534,0.0,0.0,0.002519495,0.0,0.0,0.0072759236,0.0,0.0024408465,0.0,0.0024386742,0.0,0.0,0.0050675464,0.0011847065,0.0027608282
Employment_hrs,0.0038918513,0.0124668535,0.001105452,0.0014943208,0.0,0.0019974692,0.0012710635,0.0,0.0019864829,0.0025518732,0.0030584258,0.008872243,0.0039120913,0.0029631713,0.0,0.0026224698,0.003766585,0.0,0.03615981,0.0,0.0,0.0025224201,0.0035246876,0.0,0.0010256146,0.0,0.0029110962,0.0016164324,0.0022441356,0.002013696,0.0049964534,0.0,0.0031700355,0.0,0.0074605825,0.0011875805,0.002417933,0.0,0.0017963735,0.0,0.0,0.0,0.0,0.0,0.001150569,0.0,0.0
Takes organised notes,0.008305754,0.0072294334,0.019556776,0.004705721,0.0,0.0,0.012045354,0.001838477,0.0,0.002465205,0.0,0.0,0.0,0.0,0.0,0.0010758563,0.0,0.0010231299,0.0,0.0020848378,0.0,0.0,0.0018141429,0.0,0.0,0.0,0.0,0.0,0.0010792201,0.0,0.0,0.0031700355,0.0,0.0,0.00093106413,0.0,0.0,0.0,0.0,0.0,0.0011365825,0.0010580592,0.0,0.0,0.0021514767,0.00096920267,0.0
Early intervention provided,0.0064537823,0.0028530282,0.0079557,0.007980913,0.0014393964,0.0,0.0016103663,0.005813176,0.0,0.002803991,0.0048059598,0.011729915,0.006716009,0.0029516618,0.0020216524,0.008315269,0.00092540577,0.0023583795,0.0037204563,0.0031048725,0.0010331081,0.0017371129,0.0027916573,0.0058800397,0.0036818746,0.0,0.0,0.0027746754,0.0024050167,0.00078352215,0.0,0.0,0.0,0.0,0.0,0.0,0.0,0.0026793573,0.0025700775,0.0024790629,0.0,0.0019833667,0.0,0.005955826,0.0043120603,0.0006888497,0.0
Participates in clubs,0.009848552,0.0059626387,0.001443021,0.007787805,0.0018630471,0.0,0.0,0.004176862,0.0049208733,0.0013644764,0.0077319443,0.005482173,0.012240097,0.002715262,0.0,0.0,0.0,0.0,0.002838072,0.0017653065,0.0037212614,0.0015026769,0.0032053182,0.0,0.0070554633,0.0,0.002643834,0.0,0.0,0.006618583,0.002519495,0.0074605825,0.00093106413,0.0,0.0,0.0,0.0,0.0,0.0,0.0,0.0,0.0,0.0,0.002500301,0.0015441498,0.0023731317,0.0020449397
Confident in clinical skills,0.0064992653,0.0,0.005386242,0.009107932,0.012173628,0.0,0.0024575149,0.0,0.0,0.0019373968,0.0045798323,0.0,0.0,0.00077009294,0.0,0.0021125907,0.0,0.0044043795,0.0,0.0,0.0,0.0,0.0029421044,0.0,0.0030211348,0.0013684855,0.0,0.0050145844,0.0,0.0,0.0,0.0011875805,0.0,0.0,0.0,0.0,0.0,0.000860218,0.0,0.0015934468,0.0,0.0017170275,0.0010717065,0.0015560441,0.0,0.0,0.0
Anxious about assessments,0.006388875,0.0018495291,0.006679846,0.0029250132,0.003583351,0.0,0.0028746554,0.0,0.017774513,0.004369988,0.011921689,0.0,0.0,0.00075648224,0.0,0.0,0.0,0.0,0.0006828399,0.0,0.0,0.0,0.0057641016,0.0024419043,0.0,0.0,0.0018085464,0.0018325017,0.0061088675,0.005995939,0.0,0.002417933,0.0,0.0,0.0,0.0,0.0,0.00092681363,0.008564177,0.0,0.0,0.0,0.0,0.0008766501,0.000771106,0.0025274488,0.0
Regular exercise,0.0023467175,0.0,0.0067031765,0.0059581636,0.0,0.0017019644,0.00083642954,0.0032218199,0.0013913999,0.005548171,0.0016459643,0.011431895,0.0011251008,0.008956794,0.0023946725,0.0032363296,0.0070018093,0.0008295106,0.007946324,0.0008145668,0.0,0.003442156,0.0014012476,0.0,0.012018374,0.0014106347,0.0010557423,0.00213882,0.0,0.0,0.0072759236,0.0,0.0,0.0026793573,0.0,0.000860218,0.00092681363,0.0,0.0021348705,0.0,0.0021693932,0.0,0.0,0.0013135459,0.004798121,0.0,0.0
Confident to complete prog,0.0033992373,0.0027483597,0.0013542129,0.0017722389,0.0,0.0040395116,0.0062695476,0.003471719,0.0,0.004948821,0.004886612,0.0037326058,0.003202099,0.0,0.0,0.0,0.0,0.0,0.004097372,0.006609179,0.004380761,0.0,0.003212747,0.0,0.0,0.0051868297,0.0019641889,0.0,0.0015205931,0.0,0.0,0.0017963735,0.0,0.0025700775,0.0,0.0,0.008564177,0.0021348705,0.0,0.0,0.0050247186,0.0,0.0,0.001976209,0.0,0.0,0.0
Understands content pre-exam,0.022126855,0.0,0.002483565,0.0015154661,0.003725324,0.005623691,0.0012928314,0.0,0.0040589967,0.002887195,0.008956261,0.008778692,0.0053403825,0.008236587,0.020355767,0.0,0.0,0.0,0.0033298335,0.014760935,0.0025222977,0.0,0.002329274,0.0033021343,0.0011386996,0.0009680452,0.0,0.0,0.004666966,0.008911388,0.0024408465,0.0,0.0,0.0024790629,0.0,0.0015934468,0.0,0.0,0.0,0.0,0.0,0.0,0.0,0.0019012429,0.0,0.0,0.0
Uses library regularly,0.011215928,0.0030177182,0.0037502078,0.0,0.0012686935,0.0074908603,0.004606708,0.002949555,0.0,0.0017204343,0.0026741996,0.0,0.0,0.008069461,0.0,0.0020021934,0.0,0.0,0.0020498647,0.001718401,0.0,0.006208448,0.0,0.0018372177,0.0,0.0011672375,0.0015834307,0.0010153486,0.0015569757,0.0,0.0,0.0,0.0011365825,0.0,0.0,0.0,0.0,0.0021693932,0.0050247186,0.0,0.0,0.0025984363,0.0,0.0014070026,0.0,0.0,0.0
Prepared for clinical assess,0.003971205,0.001644227,0.0031095354,0.0047907904,0.004975056,0.0,0.0031393832,0.0,0.0,0.0,0.0011711555,0.0,0.001363292,0.0,0.004609032,0.0,0.0046659335,0.0075812275,0.011043815,0.0015164299,0.0010767302,0.00822809,0.001332961,0.00188981,0.002557729,0.0,0.000971794,0.0017796963,0.0,0.0013152362,0.0024386742,0.0,0.0010580592,0.0019833667,0.0,0.0017170275,0.0,0.0,0.0,0.0,0.0025984363,0.0,0.0,0.0,0.0,0.0,0.0
Considered break,0.009332858,0.0051999995,0.005739162,0.009333124,0.0040273005,0.0,0.0009293926,0.0,0.009534073,0.0010381861,0.0017731119,0.0026276328,0.0038588934,0.0,0.003108825,0.0,0.0017706432,0.0,0.0,0.0021849093,0.0,0.0,0.004178423,0.0028583342,0.0,0.0,0.0,0.004032201,0.0009414858,0.002095106,0.0,0.0,0.0,0.0,0.0,0.0010717065,0.0,0.0,0.0,0.0,0.0,0.0,0.0,0.0,0.0,0.0010298324,0.0
Sleep difficulty,0.040012684,0.0022259755,0.007616779,0.009733871,0.0,0.0,0.0055817585,0.0,0.0,0.0,0.0,0.0020245619,0.0,0.0013477599,0.0,0.0,0.0095419595,0.0,0.004889682,0.004366077,0.0,0.0020667282,0.0020866466,0.0,0.0072913864,0.005801589,0.0,0.0,0.0,0.0,0.0,0.0,0.0,0.005955826,0.002500301,0.0015560441,0.0008766501,0.0013135459,0.001976209,0.0019012429,0.0014070026,0.0,0.0,0.0,0.003786012,0.0,0.0
Reviews notes within 24h,0.0036172064,0.0026644184,0.0018371542,0.0013217784,0.00215315,0.0046455488,0.0,0.0114440285,0.0,0.008244809,0.006801345,0.008483232,0.0036108212,0.0015264273,0.0,0.0,0.0,0.003197276,0.0017318575,0.0031330546,0.0,0.0,0.0025209878,0.010584359,0.003000708,0.0,0.0,0.0,0.000894335,0.0014119727,0.0050675464,0.001150569,0.0021514767,0.0043120603,0.0015441498,0.0,0.000771106,0.004798121,0.0,0.0,0.0,0.0,0.0,0.003786012,0.0,0.0012302737,0.0
Rotations affect performance,0.002684839,0.011183489,0.0,0.0016472972,0.0034440432,0.0016999772,0.0,0.0017199995,0.0045717494,0.0,0.0,0.0,0.0,0.0040057823,0.0,0.0,0.0,0.0025146957,0.0073164357,0.00628194,0.002534639,0.0017422093,0.0033558488,0.004733368,0.0,0.0,0.0026582566,0.0,0.012429719,0.0008738735,0.0011847065,0.0,0.00096920267,0.0006888497,0.0023731317,0.0,0.0025274488,0.0,0.0,0.0,0.0,0.0,0.0010298324,0.0,0.0012302737,0.0,0.0
ASSIGN_LATE,0.0,0.0,0.0013869851,0.0,0.0,0.0031465658,0.0,0.0,0.0017115822,0.0,0.0,0.0010161684,0.0,0.0,0.0026222195,0.0,0.0,0.0012731168,0.0007984868,0.001132882,0.00079384743,0.0,0.0028883612,0.0,0.0,0.0,0.0010208694,0.0,0.0,0.0,0.0027608282,0.0,0.0,0.0,0.0020449397,0.0,0.0,0.0,0.0,0.0,0.0,0.0,0.0,0.0,0.0,0.0,0.0
