GPA_S1,Hopeless/unmotivated,Sleep_hrs,LAB_AVG,Programme prepares for career,Concentration in self-study,Adequate supervision,CA_AVG,Financial_diff,Employment_hrs,Can improve performance,Self-motivates,Sense of belonging,Manages time effectively,Early intervention provided,Persists when difficult,Peer study groups effective,Anxious about assessments,Takes rest breaks,Seeks help when stuck,Regular exercise,Participates in class,Considered break,Age_group,Understands content pre-exam,CLIN_AVG,Takes organised notes,Physical health affected,ATT_RATE,Lecturers approachable,Sets academic goals,Study_hrs_day,Completes readings,EXAM_AVG,Confident in clinical skills,Prepared for clinical assess,Rotations affect performance,Self_risk_percep,Schedule conflicts,Gender,Sleep difficulty,Year_study,ASSIGN_LATE,Health interferes studies,Sleep affects concentration,Feels prepared,Emotionally supported
1.48,5,1,1.0,1,1,1,0.95,1,0,1,2,1,1,3,2,2,3,4,1,3,1,5,0,1,0.77,1,3,0.89,1,1,4,1,0.89,1,2,4,1,3,0,2,200,0,3,4,3,1
2.69,4,3,0.9,4,2,3,0.66,2,0,4,4,2,1,3,2,2,4,2,1,2,1,3,1,2,0.69,3,5,0.9,4,2,4,5,1.0,5,2,1,1,3,1,1,300,0,5,5,5,2
2.05,4,2,0.89,1,3,2,0.68,2,2,3,3,1,5,2,2,3,2,3,3,1,4,5,3,1,0.89,2,3,0.9,4,1,3,2,0.85,3,2,1,2,2,0,1,300,1,4,2,2,5
1.89,5,3,0.98,5,3,1,0.87,2,0,2,2,2,4,3,4,3,3,3,1,5,2,2,1,4,0.91,3,3,0.79,3,2,5,2,0.6,1,2,3,1,4,0,1,300,2,3,5,2,2
2.95,3,5,0.94,3,2,2,0.79,2,0,3,1,1,2,5,2,2,3,4,2,1,1,2,4,2,0.7,5,3,0.9,3,3,3,3,1.0,1,3,1,2,5,1,3,200,1,2,2,4,5
2.18,3,3,0.91,2,3,2,0.77,2,2,3,4,5,3,2,3,3,5,2,4,3,1,4,1,4,0.81,2,3,0.7,1,4,1,5,0.79,2,4,4,1,2,1,5,300,0,2,4,3,1
2.63,3,1,0.83,2,1,1,0.93,1,0,4,2,4,3,1,1,1,4,2,2,2,3,2,3,1,0.69,1,5,0.7,2,3,2,2,0.9,2,2,3,3,3,0,1,300,2,2,1,2,5
2.52,1,1,0.89,2,4,4,0.55,1,1,1,5,1,3,2,1,4,4,4,3,4,3,5,1,5,0.9,2,3,0.79,3,4,5,5,0.7,4,2,4,2,1,0,3,200,1,5,3,3,2
2.93,4,0,0.7,2,1,3,0.79,2,1,3,3,3,3,4,3,1,3,5,4,2,2,1,1,3,0.93,4,1,0.78,3,1,2,3,0.69,2,3,5,3,3,0,2,300,2,1,2,1,2
3.06,3,2,1.0,5,4,1,0.79,4,0,2,2,3,5,4,1,4,4,2,3,2,4,5,2,4,0.7,4,1,0.78,2,3,2,4,0.82,3,3,3,1,1,0,5,200,0,4,3,3,3
2.7,3,3,0.92,2,1,5,0.66,1,0,2,3,2,1,4,2,1,3,1,5,2,4,2,1,2,0.79,4,2,0.7,4,4,2,1,0.7,2,3,4,1,1,0,2,300,1,5,4,2,2
1.6,5,1,0.82,3,3,1,0.69,1,0,3,1,4,4,5,5,3,3,1,3,3,2,2,2,2,0.84,5,3,0.8,2,4,3,1,0.55,3,4,4,1,4,0,5,300,1,2,5,4,4
2.54,2,3,0.99,5,3,2,0.79,2,2,3,3,4,2,5,4,3,3,4,2,3,5,5,1,1,0.7,5,2,0.7,2,5,5,4,1.0,5,3,1,3,3,0,5,300,1,3,4,3,5
3.39,2,2,0.86,2,1,5,0.57,2,0,1,3,3,2,2,3,1,1,3,4,2,1,4,1,3,1.0,2,4,0.9,4,1,1,4,0.99,3,3,4,1,4,0,2,300,1,4,2,2,5
3.02,1,2,0.98,3,4,3,0.79,2,0,1,3,4,3,2,3,4,4,2,3,2,4,3,1,3,1.0,2,3,0.7,3,3,2,3,0.69,4,3,2,3,2,1,2,200,2,3,3,2,1
2.55,1,3,0.9,2,1,3,0.99,1,1,4,2,3,5,3,2,1,3,5,4,3,3,3,2,3,1.0,3,3,0.91,4,5,4,4,0.87,1,1,2,1,4,1,1,300,1,2,2,3,2
2.32,5,5,0.86,2,1,2,0.6,0,0,2,4,2,5,2,3,1,3,3,2,3,3,1,0,5,0.87,2,4,0.7,2,3,2,4,0.9,2,5,2,1,5,1,4,300,1,3,3,3,2
2.5,4,3,0.95,2,2,3,0.59,2,0,3,4,3,1,1,2,2,4,1,3,3,2,4,0,2,0.96,1,2,1.0,1,1,0,3,0.7,2,4,3,2,3,0,2,300,1,5,4,4,1
2.89,2,1,0.8,2,3,4,0.69,1,0,2,1,4,1,2,4,3,5,1,3,4,1,2,4,3,0.7,2,4,0.84,2,4,5,3,0.79,2,1,4,1,1,0,2,300,0,2,4,2,3
2.02,2,1,0.96,4,1,3,1.0,2,0,4,5,4,1,1,2,1,3,3,3,1,3,4,1,2,0.9,1,1,0.78,2,3,2,1,0.7,3,3,4,0,4,1,1,300,2,4,2,5,2
2.81,3,1,0.97,2,3,4,0.91,0,1,1,2,2,4,5,5,3,5,1,4,1,2,3,0,4,0.9,5,5,0.6,3,4,3,1,0.91,4,2,2,1,4,0,4,300,0,2,4,3,2
2.09,1,3,0.94,4,4,3,0.7,4,0,5,3,5,3,3,5,4,2,2,1,3,3,2,4,3,0.69,3,4,0.89,1,5,2,3,0.79,2,2,1,2,1,0,4,300,1,3,1,4,3
3.44,1,1,0.88,2,3,5,0.79,4,1,1,5,3,2,2,3,3,3,4,4,3,3,4,3,1,0.7,2,2,0.7,1,2,3,3,0.7,1,5,3,2,4,0,2,300,2,4,3,5,3
2.4,4,1,0.92,1,3,2,0.75,2,1,3,3,3,4,2,3,3,3,2,1,3,1,2,1,2,0.93,2,3,0.78,3,2,4,4,0.59,4,2,3,2,3,1,2,200,1,3,2,2,3
1.33,4,3,0.89,4,1,3,0.6,4,0,5,2,1,3,5,1,1,2,4,3,1,2,2,3,3,0.89,5,4,0.77,2,4,2,5,0.93,4,2,3,1,3,1,2,300,0,2,1,3,3
2.69,2,5,0.88,2,5,5,0.78,1,0,5,4,3,3,4,4,5,1,2,1,5,3,4,1,4,0.9,4,2,0.89,3,4,3,2,0.7,2,2,3,2,4,0,4,300,1,1,4,3,2
2.46,1,5,0.84,3,1,4,0.69,0,0,4,2,5,3,5,5,1,3,3,4,4,1,5,1,4,0.55,5,5,0.78,1,3,4,4,0.88,2,3,3,2,3,1,4,300,2,3,4,3,2
2.17,5,2,0.88,2,3,2,0.63,2,0,2,1,3,1,3,1,1,5,2,2,3,1,5,0,1,0.69,4,4,0.59,1,2,2,3,0.69,2,3,2,1,4,1,5,300,1,5,2,1,4
3.0,4,1,0.89,1,2,2,0.8,0,2,2,2,1,2,3,2,2,4,3,2,1,2,4,4,2,0.6,2,4,1.0,2,2,4,2,0.79,2,2,2,0,2,1,4,200,1,3,5,2,1
3.0,4,2,0.67,5,4,1,0.78,1,4,3,2,4,5,4,4,4,3,1,3,4,2,1,2,4,0.88,4,4,0.6,5,2,3,4,0.7,5,4,5,1,5,1,3,300,1,5,3,1,3
2.43,3,2,1.0,2,1,5,0.8,1,0,1,3,4,2,4,2,1,4,3,1,3,3,3,1,4,0.6,4,4,0.7,2,4,4,1,1.0,4,2,3,0,2,1,2,300,1,3,5,3,3
2.36,2,1,0.98,1,1,4,0.69,1,0,2,3,3,3,1,4,1,1,3,5,2,5,3,1,1,0.99,1,3,0.92,4,4,2,2,0.78,1,4,3,2,3,0,1,300,0,2,3,1,1
3.33,2,2,0.77,1,3,2,0.6,0,1,4,3,5,3,4,2,2,2,5,5,5,4,1,3,5,0.64,3,2,0.79,2,3,2,4,0.64,2,4,5,3,3,0,5,200,2,4,2,2,2
3.13,4,2,0.65,1,2,2,0.76,3,0,2,2,4,1,5,2,4,4,2,4,3,2,4,1,4,0.92,2,5,0.8,4,2,3,2,0.92,2,4,5,2,4,1,5,200,0,2,5,2,3
3.6,2,5,0.88,4,4,4,0.77,0,1,5,3,1,4,4,2,4,3,3,3,2,4,1,2,3,0.79,4,4,0.78,4,5,2,2,0.65,2,3,5,1,2,0,2,200,2,3,3,2,3
2.09,2,1,0.79,4,3,2,0.77,0,0,4,1,2,5,4,4,3,3,4,2,3,3,4,1,3,0.7,4,4,0.9,3,3,3,1,0.87,1,5,3,2,3,0,2,300,0,2,5,3,4
2.96,3,2,0.92,4,2,4,0.5,0,0,2,3,2,3,3,4,2,3,2,2,4,3,2,4,3,0.78,3,1,1.0,4,3,2,5,0.9,3,4,3,1,3,0,5,300,2,5,5,2,5
3.55,5,5,0.93,3,2,3,0.7,1,4,1,3,5,3,1,4,2,3,2,3,3,4,5,4,1,0.77,1,3,0.6,2,3,4,1,0.99,2,2,3,2,3,0,3,300,1,3,4,1,2
2.74,2,5,0.88,1,3,2,0.69,1,4,1,3,4,5,4,3,3,3,2,3,3,3,5,1,4,0.77,4,2,0.78,3,3,1,2,0.79,3,2,5,3,2,0,1,300,1,4,1,2,4
1.69,3,3,0.94,2,2,4,0.69,0,0,3,3,2,2,2,4,2,3,3,3,2,4,2,3,3,0.93,2,2,0.9,2,4,3,4,0.99,4,2,4,2,2,1,5,200,1,2,1,3,4
3.63,3,1,0.93,1,1,3,1.0,0,0,2,5,2,1,5,2,1,5,4,4,1,4,5,0,5,0.69,5,2,0.85,4,2,2,1,0.99,2,5,4,2,5,0,2,300,2,3,2,3,3
2.85,2,3,0.85,3,2,3,0.9,1,0,3,3,3,2,1,2,2,3,5,2,3,1,3,2,2,1.0,1,1,1.0,2,4,4,4,0.69,2,1,3,1,4,0,3,300,2,5,3,4,4
2.91,2,5,0.83,1,4,1,0.6,0,0,1,4,1,2,1,3,4,3,3,2,4,3,2,2,3,1.0,1,1,0.9,2,1,5,1,0.91,3,1,3,1,2,0,3,300,1,3,3,4,4
1.98,2,1,0.87,1,5,1,0.96,4,2,5,3,4,1,1,5,5,1,5,4,3,4,1,1,3,1.0,1,3,0.79,4,4,4,1,0.87,2,4,5,2,2,0,4,300,1,5,3,1,3
3.69,2,5,1.0,1,3,4,0.6,0,0,2,4,1,5,4,3,3,1,5,2,2,3,3,1,1,1.0,4,2,0.69,4,1,3,1,0.79,2,1,1,3,1,0,3,300,2,5,3,3,4
3.07,2,0,0.97,3,2,2,0.7,1,0,1,2,3,2,2,2,3,3,3,2,2,2,3,2,2,0.79,2,2,0.79,2,2,4,2,0.55,2,2,3,2,2,1,3,200,2,3,2,1,2
2.8,4,0,0.89,3,1,5,1.0,4,1,3,5,4,5,1,1,1,5,3,3,1,4,3,1,3,0.9,1,3,0.89,2,5,0,2,0.7,3,3,2,3,2,1,5,300,1,5,5,1,1
1.9,3,3,0.91,2,2,1,0.89,0,0,1,2,5,5,5,4,2,3,1,2,2,3,2,2,3,0.6,5,2,0.7,1,5,2,4,0.96,4,1,2,1,2,0,3,200,1,4,3,3,5
3.35,3,3,0.84,4,5,4,0.91,3,4,3,3,4,3,2,3,5,3,2,3,2,5,2,3,4,0.79,2,3,0.67,2,3,2,4,0.8,3,1,3,2,2,1,2,200,2,2,3,5,1
2.17,3,3,0.65,1,3,2,0.57,3,0,2,2,4,2,2,3,3,3,5,3,4,2,5,1,4,0.73,3,5,0.69,3,3,2,4,0.77,1,2,4,3,2,0,3,200,2,2,2,3,3
2.3,4,5,0.83,5,2,1,0.6,2,2,2,4,5,2,2,2,2,1,2,4,4,3,3,2,1,0.7,2,1,0.69,1,2,5,2,0.93,5,2,3,2,2,1,2,300,1,2,4,2,3
3.0,4,3,0.96,3,4,1,0.89,0,0,2,3,1,3,2,2,4,4,3,3,2,2,1,1,2,0.7,2,2,0.7,5,4,3,3,0.79,5,3,1,3,3,1,2,300,1,1,1,3,2
2.78,3,2,0.97,3,5,2,0.88,4,0,2,4,5,2,1,2,5,4,2,1,1,2,4,1,3,0.89,1,1,0.79,4,3,2,3,0.79,3,4,3,1,1,0,4,300,2,3,2,2,4
3.56,4,3,1.0,3,3,3,0.6,1,0,3,1,3,2,5,4,3,2,4,3,2,1,3,1,4,1.0,5,4,0.92,2,3,2,4,0.66,4,3,4,1,1,0,4,200,1,1,4,5,2
3.04,5,1,1.0,2,3,1,0.92,0,0,1,2,2,4,3,3,3,4,1,3,2,3,5,1,3,0.7,3,3,0.9,5,3,4,5,0.7,1,2,3,3,3,0,3,300,1,2,1,3,2
2.6,3,5,0.63,3,1,2,0.67,2,4,3,1,3,2,3,3,3,5,2,2,2,1,5,3,2,0.68,1,3,0.68,3,3,2,1,0.63,2,2,2,3,2,1,5,200,2,2,2,1,3
2.88,5,0,1.0,1,5,2,0.69,0,0,3,4,3,4,4,2,5,3,2,1,3,4,2,4,2,0.79,4,3,0.7,2,2,2,2,0.7,5,2,3,1,4,1,2,300,1,3,2,3,3
2.75,3,3,1.0,5,2,2,1.0,0,0,1,3,4,3,2,2,2,1,3,2,1,3,3,1,2,0.89,2,2,1.0,1,1,3,3,0.7,2,2,1,2,3,0,2,200,1,1,2,2,2
3.43,2,1,0.84,5,3,4,0.78,1,0,3,3,2,2,5,5,3,3,5,5,2,4,3,0,2,0.83,5,1,0.69,3,4,2,1,0.7,3,1,1,2,1,0,3,300,1,2,1,4,1
2.45,2,1,0.81,4,1,3,0.93,4,4,2,5,3,2,4,4,1,5,2,1,2,1,3,0,1,0.89,4,5,0.68,2,3,3,3,0.99,5,2,3,0,1,0,1,200,1,2,1,1,3
2.19,5,5,1.0,5,4,3,0.67,4,0,5,2,1,4,2,1,4,5,5,4,1,4,1,1,3,0.69,2,1,0.9,5,3,4,4,0.7,4,3,2,2,3,1,2,200,1,3,3,3,1
2.05,2,1,0.93,5,4,4,0.69,4,0,5,3,2,4,4,2,4,3,3,1,4,2,2,2,1,0.79,4,4,1.0,2,2,2,4,0.99,2,3,1,2,2,0,4,300,2,3,3,3,1
2.78,3,3,0.85,4,3,5,0.87,1,0,4,4,3,3,2,3,3,2,2,5,3,4,1,3,4,0.77,2,2,0.79,2,2,3,3,1.0,2,3,1,3,1,0,2,300,1,4,5,1,1
3.02,3,1,0.73,5,5,3,0.55,0,2,3,3,2,2,2,2,5,2,4,3,1,3,4,2,5,0.79,2,5,0.66,3,4,3,2,0.9,2,4,2,1,3,0,2,300,0,5,1,5,2
2.82,1,1,0.86,2,3,4,0.69,1,0,2,2,2,1,3,2,3,4,2,2,4,3,2,3,2,1.0,3,5,0.89,3,4,2,2,0.89,2,2,1,2,3,1,2,300,2,3,3,3,3
2.26,1,1,0.82,3,1,2,0.67,1,1,1,2,2,2,4,3,1,1,3,4,5,4,1,3,4,0.69,4,2,0.87,5,4,2,3,0.7,2,4,2,1,3,0,5,300,2,4,3,3,5
2.4,2,3,0.86,1,1,4,0.89,4,4,1,5,1,5,1,3,1,1,5,3,4,4,2,1,1,1.0,1,1,0.79,1,1,3,3,0.78,3,1,1,1,4,0,3,200,2,5,5,4,1
3.1,3,1,1.0,4,2,1,0.69,0,0,1,1,1,5,4,4,2,1,3,2,3,3,3,3,4,0.77,4,5,0.7,3,4,2,1,0.68,3,2,3,1,2,1,2,200,2,2,2,4,3
3.22,1,3,0.69,4,4,2,0.88,1,2,1,3,2,5,3,4,4,3,5,3,4,1,2,2,1,0.6,3,1,1.0,3,3,2,1,0.93,3,3,1,1,1,0,3,300,2,4,2,2,2
1.88,1,3,0.97,3,2,3,0.89,0,0,2,2,2,5,4,1,2,2,2,5,3,5,3,1,4,0.66,4,3,0.69,2,2,2,2,0.6,2,5,3,2,2,0,2,300,2,5,3,2,3
2.39,2,1,0.75,3,1,1,0.9,2,2,3,4,5,2,2,4,1,1,2,5,3,4,4,3,3,0.79,2,5,0.89,5,2,2,2,0.9,4,3,3,1,2,0,3,300,1,3,3,2,4
3.35,3,2,0.91,2,3,3,0.78,2,0,4,5,4,2,2,3,3,4,3,3,2,3,1,3,4,0.69,2,1,1.0,5,3,3,2,0.69,5,2,2,0,4,1,2,200,1,3,1,5,2
2.62,5,3,0.94,5,2,1,0.89,1,1,2,3,1,1,3,1,3,1,5,2,3,3,3,2,3,1.0,4,2,0.7,5,1,4,3,0.49,1,3,4,1,1,0,1,200,1,4,4,3,4
3.19,5,1,0.86,4,3,4,0.66,2,0,4,4,2,3,4,1,3,5,3,5,1,4,4,3,3,0.69,4,2,0.85,3,3,3,3,0.92,2,4,4,2,4,0,4,200,1,1,1,3,1
3.35,5,1,0.97,2,3,4,0.92,0,0,1,1,2,4,3,1,3,5,3,4,4,3,3,0,3,0.7,3,3,1.0,3,1,3,2,0.9,2,4,3,0,5,1,2,200,1,1,2,1,3
3.3,2,3,0.88,2,4,3,0.69,0,0,2,3,1,3,4,4,4,2,1,3,3,5,1,3,3,0.69,4,3,0.88,3,3,2,1,0.93,4,4,3,1,3,0,4,300,1,4,1,2,5
2.0,4,1,0.77,1,3,2,0.65,4,0,2,2,2,2,2,2,2,2,4,2,3,3,4,0,3,1.0,2,4,0.77,1,2,5,1,1.0,2,2,2,1,2,0,4,200,2,4,5,2,4
3.27,4,1,0.73,3,2,3,0.7,4,0,3,2,1,3,3,3,2,5,5,2,2,5,1,1,2,0.63,3,1,0.89,4,4,4,1,0.7,4,4,5,3,3,0,2,300,1,3,4,1,1
3.17,2,1,0.7,2,3,3,1.0,0,2,2,3,2,3,3,2,3,1,5,4,3,4,3,2,3,0.85,3,2,0.68,3,3,2,4,1.0,3,4,5,1,1,1,2,300,2,4,1,3,5
2.87,3,3,0.64,1,4,2,0.7,2,0,2,3,4,3,1,1,4,5,3,3,4,1,3,2,5,0.6,1,3,1.0,3,2,2,3,0.7,4,4,1,3,5,1,1,300,1,3,3,3,4
3.35,2,3,0.93,3,3,5,0.7,0,1,3,1,4,2,4,5,3,3,3,3,3,1,2,4,3,0.7,4,4,0.69,1,2,3,1,1.0,5,2,3,2,2,1,5,200,0,2,2,1,4
1.1,4,1,0.87,5,2,2,0.89,2,4,4,2,4,3,3,4,2,2,5,2,4,3,3,3,3,0.87,3,5,0.79,2,3,2,5,0.9,5,2,2,1,5,1,1,300,1,4,2,3,5
2.25,5,3,0.91,3,5,5,0.79,2,0,1,3,4,4,5,3,5,1,4,2,3,4,5,3,3,0.77,5,3,0.7,4,2,5,3,1.0,3,5,3,0,1,0,5,300,2,1,3,3,3
3.31,2,2,0.94,2,2,4,0.9,0,2,2,3,2,4,1,3,2,2,3,3,1,3,3,1,3,0.7,1,2,0.89,4,2,2,3,0.79,4,1,4,2,4,0,3,200,2,2,3,3,4
2.26,2,1,0.82,3,2,1,0.84,0,4,4,2,4,1,3,5,2,2,4,3,1,3,4,1,1,0.7,3,2,0.89,5,3,3,1,0.59,5,2,4,2,3,0,3,300,0,2,5,5,1
1.83,4,2,1.0,2,2,3,1.0,2,4,3,1,5,4,2,1,2,3,2,4,1,4,5,1,2,0.92,2,4,0.59,4,2,2,2,0.89,2,1,3,2,5,0,2,300,2,4,5,1,1
2.93,1,3,0.94,1,3,3,1.0,2,1,5,3,1,1,3,3,3,4,2,5,5,2,3,1,4,0.99,3,2,0.69,2,5,2,3,1.0,3,1,4,1,4,1,1,200,1,3,5,2,3
3.05,4,1,0.86,2,2,3,0.83,2,0,1,2,3,2,2,2,2,4,3,4,3,3,4,1,2,0.87,3,2,0.89,4,2,3,2,0.89,3,3,2,2,3,0,2,200,2,4,2,2,2
2.81,4,1,0.87,4,1,2,1.0,2,0,2,4,4,2,1,5,1,2,5,3,1,2,2,2,3,0.77,1,2,0.79,3,5,4,2,0.7,3,2,3,1,2,0,3,300,0,4,3,1,3
3.1,2,1,0.92,4,1,4,0.89,2,0,3,5,2,1,5,4,1,5,1,1,4,1,2,2,2,0.6,5,2,0.95,2,2,4,5,0.8,4,3,3,2,4,1,3,200,0,2,5,2,4
2.38,3,2,0.87,5,2,2,0.93,4,0,2,4,3,5,4,1,2,5,4,2,1,3,4,2,4,0.57,4,2,1.0,1,3,1,2,0.7,3,3,2,2,3,1,1,300,2,3,4,5,3
2.38,3,3,0.87,2,2,3,0.64,2,1,2,1,2,2,3,2,2,2,3,3,2,2,3,1,2,1.0,3,2,0.6,2,3,2,1,0.59,2,2,4,2,3,1,2,200,2,4,3,3,2
3.26,4,1,0.83,1,2,1,0.86,0,0,2,2,4,2,4,2,2,5,2,2,3,2,5,2,3,0.83,2,5,0.93,5,2,4,2,0.83,2,2,5,0,5,0,2,200,1,4,5,1,2
2.92,3,1,0.71,5,3,3,0.7,2,1,4,3,1,1,3,3,3,5,2,3,4,1,2,3,5,0.79,3,4,0.7,5,1,2,3,0.94,4,2,3,1,1,1,2,200,1,3,3,5,2
3.11,4,5,1.0,3,3,1,0.9,4,0,1,5,4,2,4,1,3,4,5,4,2,3,5,3,1,0.65,4,5,0.89,5,1,3,1,0.69,3,4,3,2,3,1,5,300,2,3,5,3,2
3.13,4,3,0.94,3,1,2,0.79,1,0,3,1,1,3,4,4,1,4,3,5,4,3,2,2,4,0.93,4,2,0.79,2,1,3,3,0.79,4,4,2,1,4,1,1,300,0,3,3,4,4
3.38,5,0,0.6,2,3,3,0.72,1,0,1,2,3,3,3,3,3,2,4,5,5,4,1,1,2,1.0,3,2,0.78,3,1,3,1,0.69,4,2,3,1,3,1,1,300,2,2,1,1,2
3.74,5,5,0.68,3,3,2,0.78,1,0,3,3,3,3,4,3,3,5,5,3,1,3,4,3,3,0.7,3,4,0.79,2,3,3,3,0.8,2,2,3,3,3,1,4,200,1,5,5,2,2
3.19,3,3,0.95,3,4,4,0.79,2,0,5,3,1,1,2,3,4,4,5,2,2,4,5,2,5,0.69,2,2,0.73,4,3,2,2,0.69,4,4,4,2,4,0,3,200,1,2,3,3,4
2.64,1,1,0.88,3,2,4,0.9,1,1,4,3,4,3,5,5,2,1,3,1,1,4,3,1,3,0.7,5,3,0.9,4,3,3,2,0.96,3,2,4,3,1,1,3,300,0,2,3,4,2
3.33,4,4,0.81,5,3,3,0.87,3,0,5,3,3,4,4,4,4,3,2,2,3,3,4,0,2,0.8,2,4,0.9,1,3,2,2,0.8,2,3,3,1,3,0,4,200,1,2,3,3,2
3.31,5,1,0.73,5,1,1,0.96,2,0,3,2,1,4,3,3,1,5,2,3,3,1,3,3,3,0.89,3,2,0.7,2,1,2,5,0.79,3,4,4,0,5,0,1,300,1,3,2,2,3
2.56,3,1,0.9,5,4,5,0.8,0,0,3,5,2,1,4,2,4,4,3,1,4,1,3,2,4,0.89,4,1,0.55,3,2,3,3,0.69,3,4,4,0,3,1,2,300,2,1,1,3,4
3.17,2,1,1.0,3,4,1,0.89,1,1,3,1,4,3,4,2,4,4,4,3,4,2,3,2,4,0.79,4,3,0.79,3,3,2,3,0.64,3,4,4,1,5,0,2,200,2,4,1,5,3
2.78,4,1,0.94,5,1,2,1.0,0,2,3,3,2,1,3,1,1,3,3,5,4,1,5,4,4,0.68,3,1,1.0,1,5,2,1,0.93,4,3,2,0,3,1,1,300,2,5,5,3,5
2.43,2,5,0.86,2,1,3,0.93,1,0,3,1,4,2,3,3,1,1,1,3,3,4,5,2,2,0.8,3,1,1.0,3,5,3,2,1.0,2,1,5,0,4,0,5,300,2,4,5,4,5
2.0,3,1,1.0,1,5,5,0.7,2,1,3,5,3,1,2,1,5,5,2,2,1,3,2,2,4,0.6,2,3,0.9,2,2,2,3,0.79,3,2,1,0,4,0,3,300,1,3,1,2,4
2.46,2,3,0.8,5,3,2,0.7,2,0,5,2,5,1,1,5,3,1,1,1,2,5,5,2,4,0.89,1,3,0.9,4,1,5,1,0.79,3,2,4,2,3,0,4,300,2,2,2,2,5
3.31,2,5,0.89,3,2,1,0.78,0,0,1,4,5,5,4,4,2,1,2,3,2,4,3,4,4,0.88,4,2,0.7,1,1,3,3,0.7,1,4,1,1,3,0,3,300,0,2,1,2,1
2.45,2,5,1.0,1,1,1,0.7,4,0,5,2,4,1,2,4,1,1,1,4,2,5,3,3,2,1.0,2,4,0.7,2,2,4,2,0.69,2,2,4,2,2,1,3,300,1,5,4,2,3
2.61,2,3,1.0,3,1,2,1.0,2,0,3,2,1,1,3,4,1,3,3,4,3,3,2,3,5,0.89,3,1,1.0,3,2,4,4,0.7,1,4,1,0,3,1,4,300,1,4,2,4,1
3.0,1,3,0.85,2,2,5,0.99,2,0,5,5,4,1,4,4,2,1,4,5,1,2,1,1,5,0.89,4,4,0.9,4,2,5,1,0.91,4,1,3,0,2,0,2,300,1,2,4,4,4
2.75,3,0,0.74,2,4,4,0.9,0,1,2,4,1,3,5,2,4,1,4,3,4,1,4,2,5,0.66,5,4,0.9,2,3,2,3,0.69,3,2,5,3,1,0,1,300,1,4,3,3,5
2.89,3,1,0.81,1,3,5,0.7,2,1,3,1,1,1,1,4,3,2,4,4,1,4,1,4,5,0.9,1,1,0.66,4,4,3,5,0.88,3,3,3,2,1,1,2,300,0,4,2,4,2
2.48,3,5,0.95,4,2,3,0.69,1,1,1,1,3,3,5,2,2,1,2,3,2,3,2,0,3,0.7,5,2,0.78,3,1,5,5,0.7,1,2,2,1,4,1,5,200,1,2,1,3,4
3.26,5,2,0.4,1,2,3,0.78,1,0,1,3,3,1,5,1,1,3,1,5,3,1,5,0,3,0.83,1,5,0.92,3,1,3,3,0.83,2,3,3,0,3,0,4,200,2,5,4,3,1
2.92,5,3,0.89,5,1,3,0.7,0,2,1,4,3,5,3,5,1,1,3,4,1,1,1,4,4,0.7,3,2,0.85,5,1,0,2,0.5,3,2,4,2,2,1,4,200,1,1,3,4,3
2.67,1,3,0.91,3,3,4,0.79,2,2,2,4,4,3,4,2,3,5,4,3,4,4,3,3,1,0.79,4,3,0.69,2,2,5,2,0.98,4,3,2,2,2,0,2,200,2,5,4,2,3
2.81,4,3,0.55,1,3,1,0.66,3,2,2,3,5,3,5,2,3,3,2,4,3,3,4,3,3,0.69,3,5,0.89,4,2,3,3,0.69,2,2,5,2,5,0,3,300,2,4,5,1,3
2.41,2,3,0.66,3,4,2,0.7,2,1,1,5,2,4,3,1,4,1,2,3,4,4,3,2,2,0.79,3,4,0.88,1,1,1,4,0.7,2,3,2,1,1,0,2,300,1,3,4,3,1
3.41,5,0,1.0,3,3,3,0.89,1,1,1,5,3,2,4,5,3,2,3,1,3,2,2,3,2,0.7,4,5,0.89,3,2,2,3,0.7,3,2,2,2,4,0,4,300,1,1,1,4,2
3.24,2,3,1.0,2,2,4,0.85,2,0,5,3,2,3,1,2,2,3,3,4,5,5,3,3,2,0.73,1,4,0.57,4,5,4,2,0.79,3,3,1,3,2,1,4,300,0,1,2,2,2
2.89,2,1,0.86,4,4,4,0.6,1,0,3,3,3,4,2,4,4,4,5,5,1,3,3,1,2,0.79,2,3,0.69,4,2,3,2,0.88,1,3,1,2,4,0,4,300,1,3,1,1,2
3.06,4,1,0.94,4,5,4,0.89,4,0,3,2,4,2,5,2,5,5,3,1,1,1,1,1,3,0.73,5,1,0.96,1,2,5,1,0.79,1,5,3,3,1,0,2,300,0,5,3,3,3
3.24,2,0,0.91,4,3,2,0.79,2,0,4,5,2,3,3,3,3,2,1,4,2,3,1,3,3,0.91,3,4,1.0,1,3,2,3,0.7,1,3,5,2,3,1,2,300,2,4,3,2,3
2.38,3,2,0.82,1,1,1,0.95,2,0,1,1,1,1,2,1,2,2,2,2,1,1,3,1,1,0.75,1,3,0.89,3,1,5,1,0.79,1,1,4,0,4,1,3,200,1,1,2,1,2
2.94,3,1,0.96,2,5,4,0.7,2,1,5,3,4,2,2,5,5,4,3,4,5,1,3,3,1,1.0,2,2,0.67,4,5,3,3,0.89,2,4,2,3,3,1,1,300,1,5,1,2,1
2.88,3,3,1.0,4,3,2,0.79,4,0,2,2,1,3,3,2,3,4,2,2,3,1,5,2,5,0.99,3,1,1.0,4,2,4,5,0.64,3,2,1,3,5,0,1,200,1,4,3,3,4
2.96,2,2,0.65,5,3,4,0.78,2,0,2,2,2,3,3,4,3,3,3,4,1,4,2,1,2,0.7,3,3,0.69,5,1,3,2,0.89,5,3,5,1,5,1,4,300,1,2,2,2,3
3.04,3,2,0.94,3,3,3,0.89,0,1,3,3,4,2,3,2,3,2,3,1,4,3,3,3,4,0.7,3,4,0.9,3,2,5,1,0.89,1,2,3,0,4,0,4,300,1,3,3,2,4
2.86,5,3,0.6,1,1,2,0.84,1,1,1,1,3,1,5,1,1,4,1,1,3,3,5,1,1,0.99,1,5,1.0,4,1,4,5,0.89,2,1,2,0,2,0,5,200,1,5,5,1,2
2.9,1,1,0.6,1,2,2,1.0,0,0,3,2,2,3,2,4,2,1,5,3,3,3,1,1,2,0.93,2,1,0.91,3,3,4,4,0.99,2,4,1,2,2,0,4,300,1,4,1,1,1
2.9,4,1,0.84,2,2,2,0.79,4,2,2,2,2,2,4,2,2,4,2,2,3,1,4,3,2,0.79,2,4,0.79,1,1,5,2,0.67,2,2,2,2,4,1,2,200,1,4,2,2,2
3.5,3,0,0.77,1,1,4,0.69,4,0,1,1,4,5,4,3,1,1,1,3,3,3,2,2,1,0.89,4,4,0.7,3,2,5,5,0.9,4,3,3,3,2,0,4,200,1,3,2,2,3
2.85,3,0,0.74,1,3,3,1.0,4,0,2,3,3,2,2,2,3,4,1,4,5,4,2,1,5,0.79,2,4,0.69,3,4,3,2,0.84,2,3,3,2,4,0,3,200,1,5,3,2,5
1.91,3,1,0.94,3,2,2,0.99,1,4,4,4,4,1,5,4,2,2,3,5,3,2,3,3,4,1.0,5,4,0.79,4,4,3,2,0.69,3,3,1,3,5,1,4,300,0,3,2,3,3
3.06,3,3,0.88,1,5,3,1.0,4,2,4,3,3,1,3,4,5,3,2,5,1,1,1,3,3,0.8,3,1,0.89,4,1,2,5,0.66,4,5,3,2,3,0,2,300,1,3,2,2,1
2.61,3,5,0.87,4,1,5,0.9,2,4,2,2,2,4,3,2,1,4,2,4,2,3,5,1,3,1.0,3,2,0.69,4,1,4,3,0.7,5,5,3,2,5,1,5,300,1,3,1,1,3
2.34,4,1,0.81,3,5,2,0.89,2,1,3,3,2,2,2,3,5,1,1,1,5,4,4,1,1,0.93,2,1,0.79,3,5,5,4,0.88,5,1,1,2,3,1,5,300,1,4,5,5,3
2.76,2,5,0.93,4,3,2,0.7,2,1,4,3,5,2,4,2,3,2,2,1,4,3,3,3,1,0.7,4,3,0.76,1,4,2,5,0.69,2,1,4,2,4,1,2,300,2,4,5,4,5
2.83,3,5,0.92,2,4,1,1.0,2,0,4,3,2,5,2,1,4,5,1,2,4,4,2,1,4,0.69,2,3,0.9,3,1,1,2,0.95,2,2,3,0,3,0,5,200,0,5,3,1,4
1.95,2,5,0.73,3,3,3,0.79,2,1,3,4,4,5,1,5,3,1,3,3,2,1,1,1,3,0.78,1,4,0.93,5,2,2,2,1.0,4,2,4,0,1,0,1,300,1,2,3,4,4
3.17,3,3,0.81,1,2,5,0.92,0,0,2,3,5,2,1,3,2,3,2,2,3,2,1,1,2,0.7,1,2,0.69,3,5,4,1,0.69,4,4,4,1,2,0,5,300,1,4,4,1,2
3.08,4,1,0.9,1,2,2,0.9,4,0,2,3,2,2,4,3,2,5,2,3,2,5,2,4,1,0.89,4,2,0.7,3,3,4,3,0.63,1,2,2,2,5,0,3,200,0,4,2,4,3
2.79,3,3,0.95,2,3,4,0.68,2,0,1,3,1,3,1,5,3,5,4,5,3,4,1,2,1,0.78,1,3,0.8,2,1,2,3,0.96,1,4,5,1,3,1,2,300,1,1,3,1,1
2.57,3,1,1.0,3,5,1,0.89,3,2,2,2,3,1,4,2,5,2,1,3,3,5,3,2,3,0.93,4,4,0.69,4,2,4,2,0.89,5,2,1,2,3,0,4,300,0,3,2,3,5
2.89,2,0,0.96,3,3,1,0.79,1,0,2,3,3,3,4,2,3,1,3,2,2,1,2,1,1,0.66,4,2,1.0,2,1,4,2,0.78,2,3,3,2,3,0,5,300,1,4,3,4,4
3.44,1,2,0.95,5,2,5,0.79,0,0,3,5,5,2,4,2,2,3,2,1,4,2,3,2,1,0.84,4,3,0.95,1,3,3,2,0.89,4,4,2,2,2,0,3,300,0,5,3,3,3
2.76,3,1,0.84,1,2,2,0.68,0,1,4,4,2,2,3,2,2,5,3,2,3,1,4,3,4,0.96,3,2,0.69,2,4,5,3,0.84,4,1,1,2,2,1,3,300,1,2,2,4,2
3.07,2,5,0.73,3,3,3,0.89,0,1,4,2,3,4,3,1,3,3,3,3,2,5,3,1,2,0.77,3,2,0.99,3,3,2,4,0.69,3,2,4,1,5,0,2,300,1,2,4,1,4
3.37,3,3,0.9,3,3,1,0.92,4,1,4,2,4,1,2,4,3,1,1,3,3,1,3,3,3,0.7,2,2,0.89,2,4,2,2,0.78,3,2,3,2,4,1,4,300,0,2,5,4,1
2.28,3,3,0.94,3,4,4,0.89,1,0,3,4,1,3,4,4,4,3,4,2,3,4,1,0,1,1.0,4,3,0.79,4,5,2,2,0.96,4,1,2,3,5,1,5,300,1,2,4,4,3
3.0,2,3,0.86,3,2,5,0.7,1,0,4,1,2,4,2,5,2,3,3,4,4,4,3,2,3,0.6,2,1,0.69,3,1,1,3,0.77,3,2,4,0,4,0,3,200,1,3,3,3,2
2.57,1,1,0.63,2,4,4,0.78,2,0,5,4,1,3,3,3,4,4,3,1,1,2,2,4,2,0.7,3,1,0.78,4,1,3,4,0.6,1,1,1,1,1,0,3,300,2,3,1,1,2
1.8,2,2,0.92,2,2,4,1.0,0,0,4,1,3,3,2,2,2,4,2,4,3,5,3,0,3,0.69,2,5,0.7,5,5,3,1,0.84,5,3,2,2,5,1,2,300,2,1,4,2,5
2.91,2,2,0.8,4,2,2,0.69,2,0,2,1,4,3,1,1,2,2,2,3,3,5,4,4,2,0.69,1,4,0.92,3,1,4,1,0.89,2,3,4,1,3,1,3,300,1,1,5,3,3
2.52,1,5,0.91,5,4,3,0.89,4,0,2,3,2,3,2,4,4,3,1,4,5,3,1,3,2,0.89,2,5,0.87,3,1,2,2,0.89,1,4,5,0,1,1,4,300,2,5,3,5,2
2.48,2,5,0.87,1,2,4,0.85,2,0,2,3,3,2,3,1,2,2,1,1,2,4,3,1,1,0.59,3,3,0.87,1,1,5,2,0.99,3,2,1,1,2,1,1,300,2,2,2,4,5
2.96,3,1,0.86,4,3,2,0.78,1,0,2,3,4,5,3,2,3,3,2,3,1,1,2,0,1,1.0,3,4,0.89,5,2,2,3,0.66,1,4,4,1,1,0,3,300,1,1,2,2,2
2.89,5,1,0.85,3,2,1,0.89,0,0,1,1,2,4,1,3,2,2,4,5,4,4,5,0,2,0.79,1,4,0.7,5,4,1,5,0.9,3,3,4,3,2,1,4,300,1,1,5,3,3
2.96,3,1,0.88,2,3,4,0.7,0,0,3,4,1,4,2,2,3,2,4,3,1,5,2,2,4,0.88,2,3,0.7,4,1,2,1,0.88,2,3,4,2,4,1,1,200,1,1,2,2,1
3.23,2,3,0.89,3,1,1,0.9,4,0,2,4,4,2,4,3,1,3,1,3,5,2,3,3,4,0.69,4,3,0.78,4,3,3,2,0.5,3,2,2,1,3,1,4,200,2,3,3,4,4
3.3,5,5,1.0,1,4,1,0.69,0,4,4,3,4,2,3,5,4,4,5,2,4,3,1,4,5,0.78,3,3,0.67,2,4,2,2,0.85,4,4,2,2,3,1,4,300,2,2,3,3,3
3.04,4,1,0.76,3,1,1,0.89,4,0,4,1,2,1,2,1,1,4,5,5,2,3,5,4,4,0.69,2,4,0.7,1,4,2,2,0.76,4,4,2,1,3,1,4,200,2,2,3,4,2
1.52,3,3,0.96,5,2,5,0.79,4,0,1,2,4,3,4,1,2,3,5,5,2,2,3,2,2,0.92,4,3,0.6,3,2,4,3,0.79,3,1,2,3,3,1,3,300,1,3,1,2,2
2.82,1,3,1.0,2,3,2,0.87,1,0,3,4,2,4,2,1,3,2,1,1,3,3,4,1,2,0.99,2,2,0.9,1,1,3,4,1.0,2,5,2,1,5,1,4,300,1,4,2,1,5
2.5,4,0,0.79,4,5,4,0.34,2,4,4,5,5,3,5,5,4,5,4,4,3,5,5,0,5,0.75,5,4,0.69,5,5,3,5,0.75,5,5,4,0,5,0,5,200,1,4,5,5,5
2.58,3,5,0.86,4,2,3,0.69,3,4,4,1,2,2,1,3,2,2,2,3,5,3,2,1,3,1.0,1,2,0.89,3,2,2,2,0.75,1,1,4,0,3,0,3,200,1,2,3,2,2
2.21,1,0,0.72,5,4,3,0.53,0,0,5,3,5,3,5,4,3,2,1,3,5,3,1,2,3,0.89,3,3,0.6,3,5,2,3,0.8,3,3,2,2,4,0,3,200,1,1,1,3,3
2.45,1,5,0.69,1,4,1,0.91,1,0,3,3,1,4,3,3,4,5,3,5,1,2,1,1,1,0.9,3,1,0.69,4,1,5,3,0.79,4,3,4,1,4,0,5,300,1,2,1,3,2
3.15,4,3,0.86,4,2,3,0.99,2,1,2,2,3,4,4,2,2,3,4,2,1,2,2,1,5,1.0,4,4,0.77,4,5,3,4,0.69,3,2,1,1,5,0,5,300,2,4,2,1,1
3.0,1,2,0.76,4,3,5,1.0,2,1,2,2,4,2,3,1,3,2,1,4,2,5,4,2,3,0.79,3,1,0.7,2,4,2,1,0.68,4,2,2,1,1,0,3,300,1,5,3,2,4
2.48,3,3,0.75,2,4,1,0.59,1,0,3,3,2,2,2,1,4,1,2,5,1,5,1,0,5,0.7,2,2,0.6,3,2,2,1,0.45,3,2,1,3,4,1,2,200,1,4,2,4,5
2.57,2,3,0.88,3,1,4,0.7,1,4,4,5,1,2,1,3,1,4,3,5,3,3,3,3,3,1.0,1,4,0.69,4,2,3,2,1.0,2,1,4,1,5,1,2,200,1,2,1,4,3
2.56,1,1,0.88,3,2,1,0.91,1,2,4,2,3,3,4,5,2,2,2,2,4,4,2,1,3,0.7,4,5,0.9,2,3,3,2,0.92,1,3,3,0,4,0,2,300,1,4,1,3,3
3.02,3,3,0.83,2,2,4,0.77,0,0,2,2,1,1,3,3,2,5,3,4,2,1,3,1,3,0.69,3,3,0.9,1,2,1,5,1.0,4,2,3,0,2,0,5,300,1,4,4,3,2
3.91,2,3,1.0,4,3,4,0.84,0,1,3,2,3,5,3,3,3,3,2,2,2,1,4,4,1,0.75,3,3,0.89,1,1,5,2,1.0,5,3,5,2,2,0,2,300,1,1,2,4,2
2.26,5,1,0.99,3,1,3,0.57,4,0,5,5,2,3,2,5,1,3,2,4,4,2,1,1,1,0.69,2,3,0.79,2,3,2,2,0.72,2,2,4,1,4,1,4,200,2,2,1,3,2
2.9,2,5,0.92,1,3,4,0.7,4,2,5,5,2,2,3,4,3,3,2,5,1,1,1,1,2,0.85,3,3,0.93,2,5,2,4,0.69,3,1,4,1,1,1,5,300,1,4,2,2,4
2.67,4,3,0.84,3,1,5,0.87,2,0,5,3,2,1,3,2,1,5,3,1,3,2,4,4,2,1.0,3,3,0.69,2,4,2,4,0.79,3,3,4,3,1,0,2,300,2,3,3,3,4
2.97,4,3,0.52,2,2,1,0.93,1,0,2,2,4,2,4,2,2,4,3,3,4,3,4,1,5,0.66,2,4,0.92,3,2,3,2,0.66,2,2,4,1,5,0,4,200,1,4,4,2,1
1.31,5,3,0.94,1,1,3,0.9,4,0,5,2,3,3,3,4,1,3,5,2,4,2,2,0,2,0.9,3,3,0.84,2,4,3,2,0.45,3,1,4,1,1,1,2,200,0,1,3,2,5
2.59,3,3,0.74,2,4,3,0.96,2,0,3,5,2,2,5,1,4,1,2,1,4,3,2,4,5,0.89,5,5,0.66,5,1,3,3,0.79,3,5,2,0,4,1,3,300,0,3,1,3,4
2.52,4,2,0.77,5,5,4,0.81,3,1,5,4,5,4,4,3,4,5,5,4,5,5,4,0,4,0.95,5,4,0.78,3,5,1,5,0.95,4,5,4,0,4,1,5,200,2,5,4,4,4
2.54,2,2,0.49,3,4,3,0.77,1,0,4,3,3,3,1,4,4,3,4,2,3,1,4,3,5,0.69,1,1,1.0,1,2,2,1,0.69,5,1,2,2,4,1,3,300,1,4,3,5,3
3.26,3,1,0.98,3,5,3,0.89,1,4,3,3,2,3,1,1,5,5,1,3,2,2,1,2,3,0.79,1,1,0.79,1,5,4,1,0.79,3,3,3,1,2,0,4,300,1,4,3,2,3
2.83,2,2,0.89,2,4,4,0.66,2,0,4,5,1,3,2,3,4,4,2,3,2,4,3,0,2,1.0,2,1,0.79,2,4,2,1,0.66,4,1,5,1,5,0,2,300,2,1,2,2,3
1.6,2,5,0.92,3,3,1,0.85,0,1,2,3,2,4,3,5,3,3,3,2,1,4,1,3,4,0.73,3,1,1.0,2,3,2,2,0.69,5,1,3,3,4,1,2,300,2,3,4,2,2
2.19,4,3,0.95,5,2,2,0.75,1,1,4,3,2,4,2,1,2,4,4,1,2,3,4,1,3,0.73,2,3,0.93,4,4,3,3,0.79,3,2,3,3,3,1,4,300,1,3,3,3,3
3.18,2,1,0.92,2,3,5,0.7,4,2,4,4,3,1,3,5,3,3,1,3,5,5,3,3,1,0.72,3,1,1.0,1,1,4,1,0.69,3,5,3,1,3,0,3,300,1,3,5,3,5
2.17,5,2,1.0,1,1,3,0.66,2,0,2,2,1,2,3,2,1,3,2,2,5,4,5,1,2,0.69,3,5,0.66,3,2,4,2,0.9,3,4,1,2,3,1,5,200,2,2,1,2,2
2.9,2,3,0.85,4,4,3,0.6,2,0,4,1,2,2,3,3,4,5,5,2,1,2,4,1,1,0.9,3,4,0.69,2,2,3,1,1.0,4,2,4,1,1,0,3,200,2,4,3,2,1
3.28,4,1,1.0,2,2,3,0.9,0,0,2,2,2,2,2,2,2,3,2,2,2,2,3,1,2,0.72,2,2,0.96,2,2,3,2,0.73,3,3,3,1,3,1,3,300,1,4,4,2,2
2.56,3,2,0.9,1,3,4,0.7,1,1,4,4,1,4,1,5,3,2,4,1,3,2,2,2,4,0.7,1,4,0.96,5,3,2,3,0.64,3,1,1,1,3,1,3,200,2,1,3,3,1
3.05,5,1,0.67,5,5,5,0.79,2,1,5,5,5,5,4,5,5,5,5,4,5,5,5,2,5,0.8,5,5,0.85,5,4,1,5,0.79,4,5,5,0,4,0,5,200,1,4,5,4,5
2.76,4,1,1.0,2,3,2,0.79,1,4,1,2,3,1,3,4,3,4,2,3,3,5,2,3,2,0.6,3,3,0.89,2,3,2,3,0.79,1,1,3,2,1,0,1,300,1,4,3,3,3
1.88,5,1,0.98,3,2,2,0.87,4,2,2,2,3,4,3,1,2,3,2,4,3,4,3,2,2,0.7,3,3,0.9,4,1,1,3,0.79,1,2,1,3,5,1,3,200,1,4,1,3,4
2.37,5,2,0.92,2,4,2,0.69,1,1,2,3,3,1,3,2,4,3,4,3,4,3,1,0,3,0.69,3,1,0.7,4,3,2,3,0.89,4,2,2,2,3,0,2,300,2,3,4,3,1
2.75,2,3,0.62,2,5,2,0.89,1,0,5,3,5,3,4,3,5,5,4,5,4,5,2,2,5,0.69,4,5,1.0,3,4,2,2,0.47,3,1,3,2,1,1,4,200,2,3,4,5,1
2.36,1,5,0.94,4,4,2,0.93,4,4,1,4,3,3,2,3,2,4,5,3,1,3,1,2,1,0.7,5,3,0.69,3,1,2,3,0.35,2,4,3,1,2,0,3,200,1,2,1,5,1
3.38,4,1,0.81,1,1,3,0.79,2,0,1,2,2,3,2,2,1,5,4,4,1,4,3,1,2,0.6,2,2,0.68,5,3,1,2,1.0,5,3,4,3,4,0,5,200,2,5,3,2,3
2.5,2,3,0.94,4,3,3,0.89,0,1,3,3,2,5,3,4,3,1,4,2,1,3,5,4,2,1.0,3,4,0.6,4,2,3,4,0.7,3,2,3,2,3,1,3,300,1,3,2,4,3
3.88,4,3,0.82,2,2,1,1.0,1,1,2,2,4,2,3,4,2,2,4,2,3,4,4,2,2,0.96,3,2,0.67,1,4,3,1,0.89,5,1,4,2,4,0,5,300,1,2,2,1,3
2.69,3,1,0.71,5,4,2,0.59,4,2,2,2,2,5,2,4,4,4,4,4,2,4,1,1,1,0.75,2,4,1.0,5,3,3,1,1.0,3,3,5,3,5,1,4,300,2,1,1,2,1
2.59,1,3,0.9,2,3,3,0.85,1,4,4,4,4,3,1,5,3,3,2,1,2,3,4,3,1,0.78,1,3,0.96,3,4,2,2,0.92,3,4,4,1,2,0,1,300,1,2,2,2,4
1.07,1,3,0.79,3,2,5,0.7,0,0,5,4,4,1,4,3,2,1,5,2,2,4,4,1,3,1.0,4,4,0.9,1,2,2,3,0.75,2,2,2,2,1,0,1,300,2,1,4,3,3
2.34,4,2,0.89,4,5,4,0.89,0,0,3,3,1,1,5,5,5,4,4,1,3,4,1,3,1,0.7,5,5,0.7,5,2,2,3,1.0,2,2,2,2,2,0,3,300,1,4,4,3,3
2.85,2,5,0.82,2,3,3,0.63,2,0,5,3,2,3,3,4,3,2,4,3,5,3,3,1,4,0.7,3,4,0.89,3,2,1,4,1.0,3,3,1,1,3,0,4,300,1,2,3,1,1
2.67,3,2,0.7,4,3,4,0.99,1,2,3,1,1,3,4,2,3,1,4,4,3,3,3,3,4,0.69,4,5,0.79,3,1,4,1,0.8,3,3,2,3,3,1,4,200,1,5,3,4,4
2.65,5,5,0.76,4,2,4,0.79,1,2,3,3,5,2,2,4,2,5,3,3,5,1,1,3,5,0.79,2,1,0.93,4,2,2,3,0.99,1,4,4,2,4,0,4,300,2,5,3,5,1
3.05,2,4,0.88,3,2,4,0.64,0,0,2,3,2,2,2,3,3,4,3,2,3,2,3,1,2,0.66,2,3,0.9,3,2,4,2,1.0,2,3,2,2,3,0,3,200,0,1,4,3,2
3.23,1,0,1.0,2,3,3,1.0,0,0,4,3,4,3,3,2,3,3,2,3,1,2,1,3,3,0.69,3,3,0.7,5,2,3,5,1.0,3,4,3,1,4,1,3,300,1,3,3,3,2
2.81,4,5,0.84,2,3,1,0.79,2,4,4,2,1,3,3,3,3,5,2,5,2,5,2,4,3,0.9,3,2,1.0,3,4,1,3,0.9,4,4,5,3,5,0,3,200,1,1,3,2,5
3.43,2,5,0.93,4,2,2,0.87,4,0,3,5,5,2,4,4,2,3,2,3,3,1,4,1,3,0.99,4,5,0.89,5,3,3,3,0.66,1,3,3,0,3,0,2,300,1,3,3,3,4
2.07,5,2,1.0,1,4,1,0.78,0,4,2,5,4,3,4,2,4,2,3,2,2,3,1,2,3,0.68,4,2,0.57,2,3,3,1,0.7,5,2,4,0,3,1,3,300,0,5,2,5,2
2.67,3,1,0.59,3,5,4,0.8,1,1,1,4,2,5,1,2,5,3,5,5,4,5,3,1,1,0.69,1,4,0.59,4,4,2,2,0.69,2,3,3,1,1,1,1,300,1,4,2,3,1
1.17,4,3,1.0,2,3,4,0.5,0,2,1,2,2,1,2,2,2,2,4,4,1,4,4,2,4,0.89,4,4,0.69,2,1,1,4,0.93,4,4,4,2,4,0,4,200,1,5,5,2,2
2.89,1,0,1.0,5,2,4,0.9,4,2,2,2,2,2,3,3,2,2,3,4,3,3,3,3,2,0.93,3,4,0.79,3,3,3,5,0.91,3,2,1,1,2,1,4,300,1,5,3,1,1
2.65,1,0,0.86,1,2,2,0.89,0,1,2,4,4,1,4,5,2,4,1,3,3,4,2,3,2,0.94,4,3,0.9,1,2,4,2,0.59,3,3,4,0,4,1,4,300,1,2,4,2,3
2.05,4,5,0.95,3,1,2,0.8,2,4,4,2,2,2,4,3,1,3,4,1,4,4,2,3,5,0.93,4,2,0.7,2,4,4,1,0.9,4,3,2,1,2,1,2,300,1,4,4,2,3
3.02,4,3,0.92,3,3,1,0.69,0,0,1,3,5,5,3,1,3,1,3,4,3,5,5,1,3,0.84,3,1,0.89,4,2,4,3,0.66,4,4,2,1,4,0,3,300,1,2,3,4,3
3.27,2,5,0.97,5,2,4,0.9,2,0,4,4,4,3,3,1,2,3,5,4,4,3,1,0,2,0.79,3,3,0.79,2,2,3,4,0.89,3,3,2,2,2,0,2,300,2,5,2,4,4
3.48,3,3,0.89,2,2,3,0.45,1,2,2,2,3,3,2,3,2,2,3,3,3,4,3,2,3,0.8,2,3,0.78,3,3,1,4,0.8,3,2,2,1,2,0,3,200,1,3,3,3,2
2.91,2,5,0.88,2,4,2,0.93,3,0,2,2,5,5,3,2,4,1,2,2,1,2,2,0,1,0.91,3,1,0.7,3,3,4,4,0.79,3,2,4,1,3,0,1,300,1,5,2,5,4
2.21,4,3,0.51,3,3,4,0.69,2,4,2,5,2,5,3,2,3,2,1,1,2,4,5,1,2,0.79,3,3,0.9,5,3,2,5,0.69,1,1,1,2,2,1,2,300,0,2,1,4,2
2.43,5,3,0.91,1,1,3,1.0,2,1,3,3,5,5,2,5,1,4,2,5,4,4,1,0,1,0.9,2,5,0.79,3,1,5,3,0.93,3,4,2,1,3,0,3,300,2,4,4,3,4
3.45,1,1,0.96,3,3,5,0.9,0,1,4,3,3,3,3,1,3,4,3,2,5,2,5,2,4,0.67,3,4,0.6,1,1,4,5,0.7,3,5,2,0,3,0,5,300,1,5,4,3,4
3.32,4,1,0.84,2,1,5,0.69,0,0,4,1,2,4,1,4,1,4,4,3,2,4,5,4,1,0.73,1,4,0.78,1,5,3,3,0.92,2,1,2,1,1,0,3,300,1,2,3,2,2
2.22,5,1,0.85,2,2,1,0.79,1,0,4,4,3,2,2,4,2,3,2,3,3,2,3,0,4,1.0,2,4,1.0,4,2,1,2,0.79,4,4,4,3,4,0,1,300,1,3,4,2,5
2.81,5,0,0.56,5,5,4,0.89,2,1,5,5,5,5,5,5,5,5,5,3,4,4,5,2,5,0.71,5,5,0.89,5,5,5,5,0.73,5,5,5,0,5,1,5,200,1,5,5,5,5
3.41,2,1,0.71,4,3,1,0.79,0,1,1,1,3,3,5,3,3,4,2,4,2,4,2,1,3,0.87,5,1,0.89,1,1,4,4,0.77,3,4,3,0,3,0,3,300,1,5,2,2,4
3.08,3,3,1.0,3,5,2,0.6,1,1,4,1,3,5,1,3,5,5,1,2,5,4,3,1,2,0.93,1,2,0.77,1,3,3,2,0.69,2,2,2,1,4,0,3,200,1,3,5,2,4
3.02,2,1,0.84,4,5,2,0.78,1,0,3,4,4,5,3,4,5,3,1,2,3,1,3,4,2,0.7,3,3,1.0,5,1,2,3,0.8,4,2,5,1,2,1,2,200,1,5,3,3,4
2.35,4,2,0.47,2,2,3,0.69,0,0,3,4,3,4,2,3,2,2,1,4,2,2,5,3,5,0.7,2,5,0.84,2,3,4,2,1.0,4,3,2,1,4,1,1,300,1,5,5,4,4
2.81,2,5,0.8,1,4,3,0.9,0,2,4,4,2,5,3,4,4,2,4,4,1,4,1,2,3,0.7,3,5,0.85,3,3,3,2,0.89,4,2,3,2,2,0,2,300,1,2,2,2,4
3.3,3,2,0.66,3,3,3,0.79,1,0,3,1,4,3,3,3,3,2,1,1,5,2,4,3,2,0.69,3,4,0.78,2,4,4,3,0.93,5,3,1,1,3,1,2,300,2,5,4,3,4
3.15,3,5,0.77,3,3,3,0.7,4,0,2,2,4,2,4,4,3,2,2,3,4,3,2,1,2,0.85,4,2,0.96,1,5,3,5,0.67,3,3,4,1,3,1,3,200,0,4,3,3,4
2.63,2,3,1.0,3,2,2,0.73,0,1,3,2,2,3,3,3,2,2,1,4,4,5,3,1,2,0.7,3,3,0.59,3,4,3,3,0.7,1,2,3,1,3,1,2,300,2,4,5,3,3
2.29,3,5,0.8,4,3,1,0.8,1,0,4,1,5,2,2,3,3,3,1,1,4,3,3,4,3,0.89,2,5,0.79,3,1,2,5,0.89,1,4,1,1,3,1,5,300,2,2,4,5,1
3.22,5,3,1.0,4,3,4,0.89,2,2,2,1,2,3,3,2,3,5,4,1,3,1,4,0,3,0.79,3,2,0.69,4,2,2,5,0.88,4,3,4,3,3,1,4,300,2,3,3,1,3
2.28,5,5,0.73,3,4,2,0.9,2,1,4,1,3,3,5,3,4,2,4,1,2,1,3,3,3,0.88,5,2,0.79,4,2,4,3,0.6,4,2,1,3,3,0,4,300,0,1,2,3,3
2.39,3,1,0.88,2,4,4,0.75,0,0,3,2,3,3,4,5,4,2,2,5,2,1,5,1,4,0.88,4,2,0.93,2,2,5,3,0.78,4,4,1,1,3,0,3,300,1,4,3,4,4
1.98,3,1,0.76,2,2,5,0.91,1,1,4,3,1,2,4,3,2,4,2,4,4,1,4,3,3,0.87,4,3,0.89,2,4,3,2,1.0,4,2,3,3,1,1,3,200,2,3,2,4,2
2.53,3,1,0.86,2,4,4,0.8,2,0,2,1,3,1,2,2,2,1,4,2,3,2,2,2,2,0.8,4,4,0.67,2,1,3,2,0.92,2,2,4,1,4,0,2,300,1,4,2,2,1
2.86,4,2,1.0,2,3,2,0.93,0,0,4,2,5,3,3,2,3,2,1,1,4,5,3,3,1,0.6,3,3,1.0,1,1,3,3,1.0,2,1,3,1,2,1,3,300,2,1,3,1,1
3.14,4,2,0.69,3,4,2,0.9,0,1,1,1,5,4,3,2,4,2,5,2,2,5,2,2,1,0.63,3,2,0.7,4,3,4,1,0.9,1,3,5,2,2,0,1,300,0,2,4,3,3
2.87,1,1,0.82,2,2,5,0.8,2,0,3,4,2,1,4,2,2,2,5,5,2,2,4,2,2,0.69,4,3,0.75,3,1,3,2,0.69,4,3,4,3,2,0,3,300,1,2,3,1,2
2.11,1,1,0.94,3,4,3,0.92,2,0,2,4,3,5,4,1,4,1,4,4,3,5,3,2,3,0.79,4,4,0.69,1,3,2,1,0.9,4,4,2,1,3,1,3,300,1,4,5,4,4
2.88,5,2,0.88,2,3,3,0.87,0,1,5,1,4,2,4,3,3,1,3,2,3,1,5,2,2,1.0,4,3,0.69,2,2,4,4,0.64,4,2,2,1,2,0,5,200,1,2,1,2,2
2.3,4,2,0.94,1,2,5,0.87,2,0,3,1,4,2,2,4,2,4,2,5,4,4,1,0,3,0.78,2,2,0.9,1,1,2,2,0.93,2,2,2,1,4,0,4,200,1,2,4,3,2
3.41,5,2,0.86,5,3,1,1.0,2,0,3,2,1,3,4,4,3,3,3,4,1,5,1,3,3,0.84,4,1,0.89,5,3,2,4,0.9,4,3,4,1,5,1,2,300,1,1,3,5,3
3.41,3,2,0.92,3,3,4,0.6,1,2,2,3,3,3,4,2,3,3,5,4,2,3,3,2,1,0.87,4,3,0.89,3,3,2,3,0.89,2,1,5,3,2,0,3,300,1,2,1,1,3
3.48,3,5,0.62,4,3,4,0.77,2,1,4,2,1,2,2,2,3,4,2,4,5,1,5,3,3,1.0,2,3,0.68,1,1,4,1,1.0,4,1,5,0,1,1,5,200,2,3,3,5,1
2.36,3,5,0.61,4,2,3,0.84,3,0,1,1,3,4,2,3,2,2,5,1,3,3,3,1,2,0.9,2,3,1.0,4,1,3,3,0.69,1,5,2,2,2,1,3,300,1,3,3,5,2
3.22,1,1,0.86,3,3,3,0.91,2,2,3,2,1,3,1,4,3,2,3,5,1,5,2,0,4,1.0,1,2,0.69,4,4,3,1,1.0,4,1,4,2,2,1,3,300,1,3,1,1,2
2.52,4,5,0.94,2,2,3,0.79,2,0,2,2,4,5,4,3,2,3,5,4,2,3,2,4,2,0.7,4,2,1.0,3,1,1,4,0.66,3,2,3,3,4,0,1,300,1,3,1,5,4
2.93,1,1,0.94,2,5,3,1.0,0,0,1,3,4,5,1,3,5,5,3,3,2,4,3,0,3,0.7,1,4,0.69,3,5,1,3,0.99,5,1,4,2,1,0,2,200,2,2,2,3,3
2.4,3,3,1.0,2,4,4,0.9,2,0,2,2,2,5,2,2,4,2,3,5,4,4,2,1,4,0.79,2,4,0.79,2,4,2,2,0.9,2,1,2,2,1,1,1,300,2,2,3,1,2
3.17,2,3,0.9,4,2,1,0.6,4,0,1,3,4,5,4,2,2,1,2,2,1,4,3,1,5,0.69,4,5,0.7,4,1,3,2,0.6,4,2,3,2,4,0,2,300,1,3,5,5,3
2.91,3,1,0.84,3,3,2,1.0,3,0,2,3,3,5,5,1,3,5,2,4,3,2,2,2,3,0.7,5,3,0.92,4,1,5,2,0.89,4,3,3,1,3,1,1,300,2,4,2,2,2
1.88,2,3,0.66,5,4,5,0.69,2,0,3,4,2,3,3,2,4,1,1,3,4,4,3,1,3,0.69,3,3,0.89,2,4,1,2,1.0,2,1,1,0,3,1,1,300,1,5,4,3,2
2.16,3,3,0.9,3,4,5,1.0,1,0,2,4,3,1,2,5,4,4,1,3,2,3,3,2,2,0.89,2,2,1.0,3,3,3,3,0.92,1,2,3,0,1,0,2,300,2,2,5,3,3
2.77,4,5,0.81,3,1,5,0.77,1,0,1,1,3,3,1,3,1,1,5,1,1,4,4,1,5,0.93,1,3,0.92,3,3,2,2,0.7,1,2,2,3,2,0,1,200,1,1,1,4,1
2.9,2,1,0.77,3,3,4,0.92,1,4,5,5,5,1,3,3,3,2,2,5,2,2,4,3,4,0.89,3,5,1.0,2,2,3,1,0.89,2,3,3,1,3,0,2,300,0,3,5,1,2
1.12,3,1,0.93,4,3,2,0.6,0,0,2,2,4,3,2,3,3,2,3,5,3,4,4,1,3,1.0,2,1,0.78,4,3,3,4,0.7,3,1,4,1,5,0,3,200,2,5,3,1,4
2.78,4,3,0.57,4,4,4,0.88,1,0,3,3,4,5,1,3,4,5,5,1,1,3,2,2,5,0.78,1,4,0.78,1,1,4,2,0.69,3,2,3,2,4,0,3,300,1,2,1,4,2
1.69,5,2,0.89,1,2,1,0.73,1,1,3,4,3,1,3,5,2,3,5,4,1,4,3,1,3,0.68,3,2,0.93,2,4,3,2,0.59,4,3,5,1,4,1,2,300,1,2,1,3,3
1.95,3,1,1.0,4,4,4,1.0,1,0,4,5,5,4,4,3,4,5,2,1,3,3,3,3,5,0.7,4,4,0.89,3,2,2,3,0.78,3,4,2,2,2,0,5,300,1,5,3,2,3
2.5,5,1,0.86,3,2,4,0.79,2,2,1,3,5,2,3,2,2,4,3,3,4,3,2,1,2,0.7,3,4,0.69,1,4,3,3,0.78,2,4,2,1,3,0,2,300,2,4,3,4,3
2.79,4,1,0.93,2,4,3,0.79,1,1,3,4,2,3,3,4,4,2,2,4,4,2,4,1,3,0.6,3,4,0.78,3,4,4,2,0.98,1,3,4,2,4,0,3,200,1,5,3,2,5
3.71,3,2,0.82,3,3,2,0.93,2,0,4,2,1,3,4,1,3,2,2,3,2,4,3,1,4,0.79,4,2,0.9,3,3,4,5,1.0,4,3,4,3,1,0,3,300,1,2,3,2,1
2.35,1,2,1.0,4,4,4,0.9,0,1,2,3,2,2,1,5,4,4,1,2,1,4,3,1,4,0.79,1,4,0.79,3,4,2,1,0.79,2,1,4,3,2,0,3,300,1,2,4,3,2
2.64,5,3,0.95,4,1,3,0.89,1,0,3,5,3,3,3,3,1,4,2,3,2,1,3,2,2,0.79,3,1,0.7,3,3,3,4,0.99,2,2,1,2,3,0,2,200,0,3,2,2,3
3.31,2,5,0.74,3,5,1,0.8,1,0,4,2,3,5,1,4,5,4,5,4,3,3,5,4,4,0.79,1,4,0.9,1,3,2,1,0.69,4,4,4,1,2,1,1,300,1,4,1,3,1
3.02,3,2,0.8,5,4,3,0.7,2,0,2,2,5,1,4,5,4,2,1,3,4,2,5,2,5,0.78,4,3,0.7,1,3,2,3,0.79,3,4,2,1,5,0,4,300,1,2,5,3,2
3.19,4,1,0.96,1,1,3,0.69,0,1,2,4,5,1,5,3,1,4,3,2,4,2,5,3,3,0.79,5,3,0.79,2,4,2,3,0.6,4,1,3,1,2,0,4,300,1,4,3,3,5
2.81,3,0,0.89,4,4,2,0.84,1,2,5,2,5,2,3,2,4,3,4,3,4,3,4,2,2,0.7,3,4,0.89,3,2,3,1,0.79,1,4,2,2,3,1,4,300,1,3,3,3,3
2.93,1,5,0.91,3,1,4,0.69,0,0,2,2,2,2,3,5,1,2,3,1,1,3,3,3,4,1.0,3,1,0.89,4,5,2,4,0.78,2,3,3,2,1,1,2,300,0,3,4,3,3
2.9,4,4,0.97,2,3,3,0.66,0,0,3,2,2,1,3,3,2,3,2,4,2,1,3,1,2,0.9,2,4,0.99,1,2,2,2,0.93,1,2,3,3,2,1,4,200,1,3,1,3,3
3.39,3,1,0.87,1,4,3,0.66,2,4,1,1,1,5,3,3,4,3,4,4,2,3,1,1,4,0.84,3,2,0.89,4,1,3,5,0.7,2,5,3,1,2,0,4,300,2,3,2,5,3
2.98,1,3,0.77,3,1,5,0.72,2,2,5,4,1,2,1,4,1,3,2,4,3,2,3,4,3,0.79,1,1,1.0,2,3,3,4,0.9,4,1,2,2,3,1,3,200,0,5,3,2,1
2.76,3,3,0.78,3,3,2,1.0,4,1,1,3,2,4,2,4,3,2,2,1,4,3,3,2,3,1.0,2,2,0.79,1,5,2,5,0.69,1,2,1,2,2,0,3,300,2,3,4,2,1
2.41,4,5,0.8,3,3,1,0.66,1,0,4,3,1,5,2,2,3,2,1,2,2,3,3,2,2,1.0,2,1,0.79,5,3,3,1,0.96,4,5,3,2,4,0,3,300,0,4,3,3,1
2.57,4,1,0.93,3,3,5,0.68,0,2,2,1,3,2,4,1,3,4,4,2,3,1,4,1,4,0.78,4,2,0.89,5,1,5,5,1.0,4,2,3,1,1,1,2,300,1,1,1,4,4
2.26,3,2,0.93,2,2,3,0.82,2,1,3,4,2,3,4,2,2,2,3,2,3,3,3,2,3,0.6,2,4,0.88,4,3,4,3,0.75,3,3,1,2,2,0,3,200,1,2,2,3,3
1.74,5,2,0.85,2,1,1,1.0,0,1,1,1,1,1,1,1,2,4,5,1,2,1,5,3,1,0.79,1,5,0.91,5,1,5,1,0.93,1,1,1,1,1,0,5,200,2,4,5,1,1
2.57,1,3,0.87,4,4,4,0.79,4,1,2,2,3,2,5,1,4,1,5,4,1,5,5,1,4,0.91,5,4,0.92,4,3,3,1,0.88,1,3,4,1,4,0,3,300,1,4,2,4,3
2.74,4,2,1.0,4,2,2,0.7,2,0,2,2,5,4,2,2,2,1,3,1,4,5,4,3,4,0.9,2,2,0.69,3,2,4,3,0.79,2,1,4,3,1,1,3,300,1,1,2,2,3
2.61,3,3,0.92,3,2,4,0.9,1,1,3,1,5,4,2,2,2,5,1,2,5,4,3,1,2,1.0,2,2,1.0,1,2,3,5,0.69,3,4,4,2,4,0,4,300,1,4,4,3,3
2.14,2,1,0.93,2,5,5,0.73,2,1,3,1,2,4,3,1,5,1,5,2,2,2,1,0,1,0.68,3,1,1.0,4,3,4,3,0.91,3,3,1,1,3,1,3,300,2,1,1,3,2
3.09,3,3,0.74,3,4,2,0.79,0,1,3,3,2,2,3,4,4,1,4,4,3,2,4,4,3,0.89,3,3,0.6,1,2,2,1,0.89,3,5,1,0,1,0,3,300,2,2,5,3,4
1.57,2,1,0.47,2,3,2,0.5,2,0,3,3,3,4,3,3,3,3,2,3,5,4,2,2,2,0.89,3,2,0.7,4,4,2,3,0.92,3,4,3,2,1,1,4,200,2,2,1,4,3
3.02,3,1,0.87,1,3,4,0.7,1,0,1,1,4,4,4,1,3,2,2,2,1,5,1,2,1,0.89,4,3,0.6,2,2,2,2,0.89,1,5,3,2,1,0,3,300,1,4,3,1,3
2.19,3,1,0.73,1,3,1,0.79,3,0,3,2,4,3,2,1,3,3,5,3,3,2,3,4,3,0.88,2,4,0.73,2,3,2,3,0.8,4,2,3,2,3,1,4,200,1,4,2,3,3
2.52,3,5,0.78,2,5,1,0.99,0,0,4,2,4,4,2,4,5,2,5,2,1,2,4,1,3,0.7,2,3,0.79,1,1,3,4,0.7,5,2,2,1,3,1,2,200,1,5,3,2,4
1.95,5,2,0.49,5,5,5,0.32,0,0,4,5,5,5,5,5,5,5,4,5,5,5,4,2,5,0.68,5,5,0.73,5,5,5,5,0.68,5,5,5,1,5,1,4,200,0,5,5,4,5
2.11,2,5,0.85,4,2,3,0.7,1,4,2,1,3,4,1,2,2,5,5,1,1,2,5,1,3,0.7,1,1,0.87,4,3,5,3,1.0,4,2,3,3,3,0,2,300,2,4,2,1,3
3.38,5,1,0.78,2,2,3,0.69,1,1,1,2,1,2,1,4,2,2,3,3,1,4,3,1,3,0.69,1,2,0.79,2,1,1,2,0.78,4,3,4,1,3,0,1,200,1,3,3,2,4
2.93,2,1,0.88,2,3,3,0.59,1,0,3,1,1,5,4,5,3,5,4,5,2,3,4,1,4,0.78,4,3,0.79,2,3,1,3,0.79,4,1,4,1,3,0,2,300,2,2,2,3,3
3.06,3,1,0.72,2,1,2,0.78,0,4,2,4,4,5,4,3,1,2,1,5,3,3,4,1,2,1.0,4,3,0.69,1,4,2,3,0.7,2,3,3,0,2,1,3,300,2,3,2,5,3
2.98,5,1,0.91,5,2,3,0.89,4,0,2,1,4,2,2,2,2,2,1,3,2,3,4,1,1,0.7,2,2,1.0,3,4,3,1,0.6,3,3,3,1,2,0,3,300,1,4,4,2,3
2.5,1,2,0.84,3,2,1,0.89,1,1,2,2,5,3,2,3,2,4,1,2,3,1,4,1,4,0.66,2,4,0.79,1,5,2,4,0.79,4,2,4,1,2,0,5,200,0,4,5,5,5
1.52,3,1,0.78,2,5,5,1.0,0,1,1,2,1,5,3,3,5,1,3,4,1,1,1,2,3,0.79,3,4,0.93,5,4,1,2,0.67,3,2,2,3,4,1,5,200,1,2,2,2,1
2.93,3,3,0.72,3,1,2,0.69,1,4,4,2,5,1,1,5,1,3,2,4,5,5,1,4,2,0.59,1,2,0.99,2,4,2,4,0.79,3,3,1,2,4,1,2,300,1,3,4,2,5
2.67,3,4,0.65,3,2,1,0.79,2,0,2,2,3,3,2,2,2,4,3,2,1,2,2,3,2,0.57,2,3,0.89,2,1,3,2,0.96,1,2,2,0,3,1,4,200,0,2,3,2,2
2.3,2,1,0.95,2,2,5,0.9,0,0,4,3,2,1,5,5,2,1,4,1,3,3,4,3,4,1.0,5,3,0.79,4,1,3,5,0.89,2,4,3,2,3,1,2,300,1,3,3,4,3
3.17,1,1,0.8,1,2,1,0.8,1,0,2,2,1,2,3,1,3,2,2,3,3,3,1,3,2,0.89,4,2,0.72,3,2,3,3,0.78,4,4,2,1,3,1,1,300,0,4,2,1,2
3.74,4,3,0.88,1,3,3,0.89,0,1,4,4,5,2,1,2,3,3,4,4,2,4,2,3,4,0.9,1,3,0.93,4,2,2,3,1.0,4,4,2,3,3,0,4,300,1,5,1,3,3
3.54,5,1,0.84,2,3,4,0.9,3,2,2,3,5,1,1,2,3,3,1,3,3,2,5,1,2,0.79,1,5,0.7,3,5,2,2,0.79,4,5,2,1,5,1,3,300,1,5,2,3,1
2.31,4,2,0.7,4,3,3,0.89,1,0,3,3,4,5,3,2,3,5,2,2,5,3,2,4,4,0.77,3,3,0.7,1,4,2,4,0.91,2,1,3,3,1,0,2,300,2,1,4,3,2
2.75,5,3,0.9,4,4,1,1.0,0,0,4,3,4,3,3,2,4,2,5,1,2,1,2,1,4,0.55,3,3,0.69,2,2,2,4,0.7,4,4,1,2,4,1,2,300,1,2,4,3,1
2.16,5,5,0.68,2,4,5,0.89,0,1,3,2,3,4,2,2,4,5,2,5,3,4,3,2,2,0.83,2,3,0.7,3,2,3,1,0.73,3,3,3,3,2,1,3,300,0,2,2,2,2
2.43,2,3,0.93,2,2,1,0.64,3,2,2,1,1,1,2,1,1,3,2,2,1,2,1,0,1,0.59,2,1,0.75,2,2,2,2,0.84,1,2,2,2,1,1,3,200,2,1,3,2,2
2.05,1,3,0.64,3,4,5,0.96,4,2,3,5,4,2,1,3,4,3,1,3,4,2,3,1,3,0.69,1,3,0.79,3,2,2,1,0.7,1,4,1,0,3,1,3,300,1,3,2,1,2
3.26,2,2,0.99,2,4,3,0.93,4,0,1,3,3,5,4,2,4,2,2,1,5,3,5,1,1,0.69,4,3,0.89,1,2,5,5,0.8,3,1,2,2,5,1,3,300,1,5,4,1,4
2.94,4,5,1.0,3,4,2,0.78,0,1,1,1,2,5,3,1,4,3,5,3,2,3,3,2,2,0.69,3,3,0.9,4,2,3,2,0.69,2,2,1,1,3,0,5,300,2,3,4,3,4
1.45,5,2,0.78,5,3,1,1.0,1,4,3,2,3,2,4,5,3,4,2,4,1,1,2,1,2,0.4,4,3,0.9,1,2,4,2,0.78,2,3,5,3,5,0,4,300,2,2,3,4,5
3.43,3,3,0.86,2,2,3,0.62,1,0,3,4,3,2,4,1,2,1,2,1,3,3,4,4,4,0.79,4,3,0.7,3,5,2,2,0.79,4,5,4,2,2,1,1,300,1,2,3,3,1
3.59,2,2,0.95,1,1,3,0.7,2,0,4,2,2,1,4,1,1,5,2,2,1,3,2,1,4,0.6,4,1,1.0,4,3,3,4,0.9,2,5,3,1,1,0,3,300,1,4,4,4,4
3.41,3,5,0.99,2,5,4,0.68,1,0,3,3,5,1,2,3,5,2,3,2,4,3,5,1,3,0.77,2,4,0.78,2,2,3,3,1.0,1,1,3,0,4,1,3,300,0,4,3,2,5
3.35,2,1,0.8,3,5,5,0.89,0,2,3,5,2,4,5,4,5,3,1,1,4,4,3,1,5,0.79,5,4,0.89,2,3,4,4,0.6,4,2,1,1,5,0,3,300,0,4,3,3,1
3.15,4,2,0.8,3,2,2,0.93,2,0,3,3,3,5,1,5,2,5,2,3,3,1,1,1,1,0.6,1,1,0.7,2,2,3,4,0.6,5,3,4,1,5,1,2,300,2,4,5,2,1
3.04,2,1,0.88,1,5,4,0.79,0,0,4,1,2,3,2,2,5,5,2,3,4,4,2,3,4,0.92,2,2,0.7,4,4,2,4,0.89,3,3,2,2,5,1,3,200,1,3,2,4,4
3.76,5,2,0.86,4,3,1,0.92,0,1,2,1,4,5,2,2,3,2,4,1,3,3,2,4,3,0.89,2,1,0.89,3,2,2,1,0.78,4,1,3,1,4,0,1,300,1,1,3,5,3
3.02,1,3,0.77,4,4,1,0.93,0,0,4,2,3,1,3,2,4,4,2,2,1,2,3,3,1,0.79,3,3,0.68,2,3,3,1,0.93,5,5,1,3,3,0,2,200,0,1,4,5,1
3.06,1,3,0.72,2,3,4,0.96,0,1,3,4,3,1,4,2,3,1,2,4,3,3,2,1,3,0.69,4,3,0.93,2,4,2,2,0.89,1,1,3,2,2,0,4,300,1,4,3,5,3
2.81,4,1,0.63,2,2,5,0.8,4,0,2,2,3,3,4,2,2,4,1,4,1,2,5,1,2,0.8,2,4,0.9,3,2,4,3,0.6,3,3,4,1,4,1,4,200,1,4,4,2,2
1.81,4,1,0.86,2,2,2,1.0,0,0,2,2,2,2,2,2,2,2,2,2,2,2,4,3,2,1.0,2,4,0.93,2,2,3,2,0.68,2,2,4,1,4,0,4,200,0,4,4,2,2
2.94,3,1,0.85,4,3,5,0.77,1,0,4,3,1,4,2,3,3,2,3,4,2,4,1,2,1,0.91,2,5,1.0,4,2,4,1,0.87,4,2,3,2,2,0,2,300,2,2,2,1,1
3.24,4,1,0.93,3,2,5,0.79,2,0,1,2,3,2,2,4,2,1,3,4,5,3,3,2,5,0.6,2,4,1.0,2,2,2,3,0.79,3,2,3,1,4,0,1,300,1,1,4,3,3
2.55,2,3,0.91,4,3,2,0.96,1,0,4,2,4,4,5,3,3,1,3,3,1,1,3,3,2,1.0,5,2,0.69,2,2,5,3,0.89,4,1,4,2,2,1,2,300,1,4,2,1,3
2.57,3,1,0.94,3,3,4,0.67,4,0,4,2,4,2,4,5,3,5,5,3,1,3,2,1,2,0.79,4,1,0.69,3,5,3,2,0.66,3,4,3,2,1,1,3,300,2,2,2,3,2
2.53,4,1,0.6,2,2,3,0.8,2,0,2,2,2,2,2,2,2,4,2,3,2,3,4,3,2,0.93,2,4,0.9,4,2,2,3,0.9,2,3,2,2,3,0,4,300,1,4,2,2,4
2.22,2,5,0.88,3,4,4,0.7,1,0,2,2,4,5,4,2,4,4,2,1,3,1,4,3,1,0.9,4,1,1.0,3,2,2,2,0.73,3,4,4,3,1,0,3,300,1,3,4,5,4
3.4,5,3,0.87,2,3,1,0.79,2,1,4,4,1,2,2,4,3,2,5,2,4,3,3,3,1,0.72,2,4,0.79,3,2,1,4,0.69,5,3,3,1,4,1,4,300,0,4,4,5,1
2.35,3,2,0.98,3,2,5,0.69,4,1,2,1,2,5,2,4,2,2,3,2,3,4,5,2,5,0.59,2,1,0.88,3,4,5,2,0.89,2,3,3,2,2,1,4,300,1,4,4,3,3
3.35,3,1,1.0,4,1,4,0.89,2,0,3,4,3,1,1,3,1,5,2,5,2,5,4,1,3,0.66,1,3,0.9,1,3,3,2,0.8,2,3,3,1,2,1,1,200,1,2,5,2,3
2.98,2,3,0.91,2,2,2,0.99,0,4,4,2,4,5,3,4,2,4,3,1,4,2,4,0,4,0.89,3,2,0.91,1,4,4,1,0.7,3,2,4,1,3,0,3,300,1,3,5,3,5
2.74,3,1,0.89,3,4,2,0.78,0,0,2,2,1,2,2,2,2,4,3,2,3,2,3,0,2,0.91,1,4,0.93,3,2,5,3,0.69,2,3,3,1,4,1,4,200,1,2,3,1,2
2.98,3,3,0.91,3,4,2,0.79,0,4,5,4,3,3,2,5,4,3,3,1,2,4,2,3,4,0.89,2,4,0.69,5,1,4,2,0.69,2,2,5,1,1,1,3,300,1,2,1,3,3
1.83,1,2,0.93,1,2,4,0.8,4,0,2,1,3,2,3,2,2,3,2,2,2,1,3,0,3,0.89,2,2,0.7,2,2,3,3,0.72,2,2,3,2,2,0,3,200,1,3,2,2,2
2.81,4,5,0.9,5,5,5,0.7,0,0,1,1,1,4,5,3,5,4,4,2,1,1,4,1,5,0.69,5,4,0.85,4,1,2,2,0.89,2,1,3,2,5,0,2,300,1,1,4,4,3
2.52,4,5,0.73,5,2,5,0.88,0,2,2,3,3,2,4,2,2,2,3,5,1,3,4,3,3,0.7,4,4,0.9,2,3,4,3,0.8,3,2,2,3,3,0,2,200,1,5,3,4,4
3.15,2,3,0.85,3,4,2,0.7,0,1,3,4,5,3,3,2,4,3,2,1,5,5,5,3,4,0.91,3,3,0.7,1,3,1,3,0.79,2,1,4,2,2,1,1,200,1,4,2,2,1
3.81,3,3,0.95,3,3,2,0.9,0,0,1,1,2,1,2,1,2,1,4,1,2,4,2,3,1,0.69,1,3,0.7,1,2,4,2,0.69,2,5,2,1,2,1,1,200,1,3,3,1,1
2.42,3,2,0.75,3,3,5,0.79,1,1,3,5,3,3,4,4,3,2,2,1,4,3,3,1,2,0.9,4,3,0.94,2,4,5,1,0.8,2,3,3,2,5,1,1,200,1,3,3,4,1
2.44,3,3,0.7,3,1,1,1.0,1,1,3,2,3,3,5,2,1,3,4,2,4,3,1,1,3,0.69,5,4,0.79,2,2,3,2,1.0,5,4,5,1,5,0,4,300,1,3,3,3,1
3.19,2,5,0.83,2,5,4,0.79,1,0,2,5,4,1,4,4,5,3,3,3,4,2,5,0,2,0.79,4,4,0.98,1,2,4,4,1.0,3,1,2,1,5,0,4,200,1,1,4,2,5
3.27,1,2,0.7,5,1,3,0.99,1,1,1,4,1,3,3,2,1,3,4,2,3,1,1,0,4,0.52,3,4,0.79,4,3,4,3,0.89,4,3,2,2,3,1,3,300,1,2,3,5,1
3.35,2,1,1.0,3,3,5,1.0,1,2,3,3,3,5,5,5,3,2,4,3,4,5,1,4,2,0.77,5,5,0.7,2,2,2,4,1.0,2,2,2,1,3,1,1,300,1,1,2,4,3
2.85,3,1,0.83,3,2,3,0.7,4,0,1,3,4,4,1,4,2,1,3,3,3,2,2,1,3,0.89,1,5,1.0,1,1,2,4,0.7,2,2,2,2,1,0,3,200,1,2,2,4,3
2.63,4,1,0.99,3,4,3,1.0,2,0,2,5,2,2,2,3,4,4,5,1,2,2,1,1,3,0.91,2,4,0.9,5,4,4,3,0.67,3,2,5,3,3,1,3,200,0,1,2,4,1
2.59,3,1,0.91,1,3,3,0.89,0,4,2,4,2,1,3,5,3,3,1,3,4,1,1,2,4,0.89,3,5,0.6,5,1,3,2,0.88,3,2,2,3,2,0,4,300,1,1,4,3,3
3.33,1,3,0.82,3,2,3,0.91,0,2,5,1,3,2,3,3,2,2,4,4,5,3,1,3,5,0.7,3,4,0.89,4,2,2,3,0.83,1,3,2,2,3,1,3,200,2,4,2,4,5
1.57,1,2,0.97,3,2,4,1.0,2,2,3,5,4,2,4,3,2,3,2,3,4,4,5,1,4,0.76,4,3,0.7,4,2,4,5,0.69,3,3,1,2,1,1,4,300,1,2,2,5,2
3.61,3,2,0.92,3,1,4,0.88,1,0,4,1,3,3,1,1,1,4,2,3,3,2,3,3,2,0.96,1,4,0.77,1,2,3,5,0.69,1,3,2,2,1,1,2,300,0,2,2,3,3
2.79,5,5,0.89,3,2,3,0.89,0,2,2,5,3,2,5,3,2,2,3,2,2,4,4,2,4,0.89,5,5,0.79,2,1,5,2,0.79,2,2,4,1,3,1,4,300,0,3,3,4,2
3.43,5,1,0.77,2,2,1,0.7,4,1,1,3,2,2,5,3,2,2,2,3,2,3,3,1,3,0.79,5,3,0.7,3,4,4,2,0.8,4,2,3,2,3,1,1,300,1,3,4,1,1
2.37,1,1,0.86,2,3,3,1.0,2,4,3,1,3,3,2,5,3,4,1,2,2,3,2,4,5,0.89,2,3,0.7,2,2,4,1,0.7,4,1,2,2,3,1,3,300,1,2,4,3,1
2.48,1,3,0.96,1,1,2,0.69,0,0,1,4,3,3,4,4,1,2,2,3,4,1,4,3,3,0.77,4,1,0.7,4,2,3,2,0.7,1,2,1,2,3,1,4,300,2,2,2,2,1
2.55,2,3,0.95,4,2,4,0.78,1,0,2,3,4,4,1,1,2,3,5,3,1,2,4,3,3,0.9,1,1,0.7,3,3,5,1,0.7,1,2,5,2,4,1,2,300,1,2,1,2,3
1.64,4,2,0.9,1,3,1,0.76,0,0,1,2,1,2,3,1,1,5,2,2,4,3,5,2,1,0.79,1,2,1.0,1,1,4,1,0.57,2,2,4,1,2,1,1,200,0,4,4,2,1
2.33,1,5,0.59,1,5,2,0.89,4,1,2,3,5,4,4,2,5,4,5,2,5,3,3,1,1,0.89,4,1,0.7,2,4,1,5,0.69,1,3,5,1,2,1,4,300,1,2,3,2,1
2.33,2,5,0.87,3,4,4,0.89,0,0,2,3,4,2,5,2,4,3,4,1,3,1,4,4,2,0.69,5,3,0.75,3,4,3,5,0.6,2,3,2,3,5,1,5,300,1,2,1,4,5
3.48,2,5,0.85,1,2,4,0.99,1,2,1,2,5,2,1,3,2,3,5,5,3,5,2,2,1,1.0,1,4,0.89,4,2,3,2,0.77,2,1,2,2,2,0,2,300,1,1,3,2,2
2.43,4,2,0.95,2,4,3,0.89,2,1,1,3,4,2,2,1,4,3,1,3,4,3,4,1,3,0.8,2,3,0.66,3,4,4,3,0.88,1,1,2,1,4,0,1,300,0,4,4,3,4
2.89,5,3,1.0,3,3,3,0.6,1,0,2,4,2,5,4,2,3,1,3,2,3,2,3,3,1,0.9,4,3,0.69,2,3,1,3,1.0,3,2,1,1,3,1,1,300,1,4,1,3,3
2.78,5,2,0.72,1,3,1,0.77,1,0,3,3,3,3,5,2,3,5,3,4,4,4,5,2,5,0.81,3,4,0.7,3,3,2,3,0.81,2,3,4,2,5,0,3,200,1,4,2,3,4
2.41,4,3,0.88,2,5,2,0.9,4,1,2,5,4,5,3,2,5,5,3,3,3,2,4,0,3,0.7,3,4,0.69,3,2,3,3,0.68,5,2,5,1,4,0,3,300,0,3,3,3,3
3.08,3,3,0.98,3,1,3,0.6,1,2,1,1,1,5,1,2,1,4,2,4,4,1,2,4,2,0.9,1,3,0.78,5,4,3,5,0.8,2,5,1,1,4,1,4,200,2,3,4,1,5
2.64,3,3,0.9,5,3,4,0.9,1,2,2,5,4,4,2,5,3,3,3,1,1,4,3,2,4,1.0,2,4,0.88,3,3,3,4,0.9,2,4,1,1,4,1,1,300,1,2,4,3,2
2.43,3,1,0.84,3,3,3,0.93,0,2,4,3,5,4,3,2,3,4,2,2,2,4,3,3,5,0.77,3,2,0.66,2,2,5,3,0.69,4,2,5,1,4,1,2,200,0,3,2,4,1
1.83,1,1,0.63,2,3,4,1.0,1,4,1,3,4,5,1,2,3,2,2,3,5,2,3,3,1,0.55,1,3,0.88,4,1,4,1,0.69,2,1,4,2,3,1,3,300,1,3,5,4,5
2.55,4,3,1.0,4,5,5,0.93,2,1,2,3,1,2,1,2,1,1,1,3,1,4,1,4,4,0.89,1,2,0.69,1,3,4,2,0.67,3,1,2,3,4,1,1,200,1,4,1,2,1
1.33,1,2,0.82,3,2,1,0.8,1,0,2,1,2,1,2,1,2,2,2,3,1,1,1,4,1,0.59,2,2,1.0,3,2,3,2,0.9,2,2,2,1,3,0,1,200,1,1,2,1,2
2.56,3,3,0.95,3,3,1,0.69,1,1,5,4,3,1,2,5,3,1,2,2,3,3,4,1,3,0.96,2,2,0.9,2,5,2,1,0.88,3,3,4,2,5,1,5,300,2,2,2,1,1
3.25,3,2,0.73,4,1,3,1.0,4,1,3,3,3,2,5,4,1,5,2,2,4,1,3,3,2,0.7,5,5,0.7,2,3,2,3,0.65,5,1,3,1,2,0,3,200,1,2,5,2,5
2.31,5,2,1.0,5,3,3,0.78,4,1,2,5,3,4,4,4,3,1,3,4,4,2,4,1,3,0.89,4,5,0.79,2,3,3,4,0.79,5,4,3,1,4,0,3,200,1,1,4,5,1
2.86,4,1,0.85,1,1,2,0.69,1,0,1,1,2,1,3,1,1,4,2,2,4,2,5,1,2,0.88,3,3,1.0,2,1,2,2,0.78,2,2,4,1,5,0,4,200,1,4,2,1,1
2.7,1,1,0.77,1,3,5,0.92,4,1,2,3,3,3,2,4,3,2,3,3,3,1,2,1,4,0.69,2,2,0.73,3,4,3,5,1.0,3,1,1,2,3,0,1,300,1,1,1,4,2
1.6,1,1,0.9,2,3,4,0.7,0,0,2,3,1,2,3,4,3,4,1,5,3,3,1,1,3,1.0,3,2,0.77,3,2,4,4,0.93,2,3,1,2,2,1,3,300,0,4,5,5,2
2.89,1,1,0.99,2,3,3,1.0,2,0,3,4,1,4,1,2,3,1,3,3,4,2,5,2,4,0.87,1,4,0.93,3,3,2,5,0.87,4,3,3,2,2,1,3,300,2,2,2,2,3
3.5,5,3,0.87,3,2,1,0.7,2,1,2,1,1,5,3,3,2,3,4,4,1,1,3,1,1,0.69,3,3,0.98,4,1,1,1,0.89,3,5,2,1,2,0,3,300,1,3,1,2,3
2.94,3,3,0.97,3,3,1,0.72,0,0,5,2,4,4,4,2,3,5,1,1,2,2,3,2,3,0.7,4,4,0.6,3,1,2,2,1.0,3,4,3,2,2,1,3,300,1,3,4,3,4
2.61,5,1,0.98,1,4,2,0.6,0,1,3,1,4,3,2,3,4,3,3,2,4,4,4,0,3,0.79,2,5,0.69,2,3,3,2,0.93,4,4,3,3,2,0,4,300,1,5,4,1,3
2.59,5,2,0.85,3,2,5,1.0,4,0,4,1,3,5,2,1,2,4,3,3,2,1,3,3,5,0.79,2,5,0.7,4,4,4,4,0.7,2,5,2,1,4,0,2,300,1,1,3,5,2
2.45,3,3,0.75,2,2,2,0.96,1,0,1,4,3,4,3,2,2,4,5,2,4,1,3,1,3,0.93,3,3,0.9,1,2,3,2,0.9,4,4,1,2,1,0,4,300,0,2,2,3,2
3.11,5,3,0.87,4,4,2,0.59,2,0,3,3,3,2,3,2,4,5,2,1,3,3,4,1,4,0.6,3,4,0.91,4,4,4,4,0.93,4,3,3,2,4,1,4,300,1,2,2,3,3
0.93,4,0,0.91,1,2,2,0.9,1,2,3,4,1,3,3,2,1,3,3,4,2,5,2,3,3,0.7,1,3,0.87,3,1,4,2,0.96,2,3,1,2,3,1,2,200,1,2,1,2,3
2.48,3,1,0.88,1,1,4,0.55,3,0,3,1,3,4,3,1,1,3,4,4,3,4,5,0,2,0.59,3,3,0.89,2,3,4,3,0.7,3,3,3,2,1,1,3,300,1,3,5,3,1
2.91,3,1,0.94,5,2,1,0.78,1,1,3,4,3,5,2,5,2,2,3,3,4,3,4,1,2,0.72,2,2,0.9,2,3,2,5,0.79,2,4,3,0,3,1,1,300,1,4,2,4,2
3.35,1,2,0.55,2,4,3,0.92,1,0,1,2,1,3,4,2,4,2,5,2,4,2,1,1,2,0.69,4,3,0.87,1,3,3,3,0.69,1,3,3,2,2,0,3,300,0,1,4,3,3
2.17,2,1,0.95,4,3,1,0.9,1,2,2,4,1,2,5,2,3,2,2,5,3,1,1,1,2,0.9,5,3,0.84,1,4,3,4,0.8,2,4,3,2,2,1,4,200,2,3,3,2,4
2.55,4,3,0.83,2,3,2,0.68,3,0,2,2,5,2,4,2,2,4,4,3,4,3,4,1,5,0.72,3,5,0.96,4,2,2,3,0.72,2,3,4,2,5,0,3,200,2,4,4,2,3
2.74,3,1,0.86,2,2,5,0.66,4,0,2,2,1,1,3,4,2,3,5,2,1,3,5,3,1,0.6,3,2,0.69,2,1,4,2,0.89,3,2,1,2,3,0,2,300,2,1,1,1,2
3.24,5,1,0.92,3,3,4,0.85,4,0,4,5,3,2,1,2,3,2,2,2,2,2,3,0,2,0.92,1,1,0.69,3,5,4,4,1.0,2,3,4,1,2,1,2,300,1,3,3,1,1
3.2,4,1,0.99,2,2,3,0.91,0,0,3,5,3,3,3,2,2,5,3,2,1,2,4,2,3,1.0,3,3,0.6,3,2,3,2,0.79,5,3,1,2,1,0,2,300,1,4,4,4,1
2.54,2,5,1.0,3,3,5,0.93,4,2,3,4,2,1,2,4,3,1,2,2,2,3,1,3,1,0.99,2,4,0.77,2,1,4,4,0.69,1,3,5,1,2,0,2,300,1,1,2,3,4
2.52,1,2,0.94,5,3,4,0.89,1,1,3,4,3,3,4,2,3,4,3,1,5,3,2,1,5,1.0,4,5,1.0,5,3,5,5,0.78,2,3,4,0,3,1,5,200,0,2,2,4,4
2.86,4,0,0.99,3,3,2,0.66,1,1,4,4,3,2,2,4,3,1,5,4,2,1,3,3,3,0.78,2,3,0.85,3,3,3,1,0.8,4,2,1,2,4,0,2,200,2,4,3,3,5
2.69,4,3,0.93,1,2,4,0.8,3,1,1,1,4,4,2,2,1,3,3,2,2,1,3,3,4,0.9,1,2,0.7,3,1,1,3,0.5,3,2,2,3,2,1,5,200,0,2,5,1,1
2.87,3,3,0.64,3,1,2,0.67,2,1,4,5,3,2,4,4,1,2,2,4,1,4,4,3,2,0.85,4,4,0.96,3,3,2,2,0.7,3,2,3,1,3,1,3,300,1,2,4,2,3
3.04,3,0,0.64,3,2,5,1.0,3,0,3,3,5,4,4,2,2,2,2,1,2,4,3,3,2,0.89,4,4,0.92,1,4,1,2,0.6,3,3,4,2,1,0,3,300,1,2,1,4,1
3.26,3,2,0.92,1,3,3,0.69,4,0,4,4,4,4,4,4,3,5,2,5,3,3,2,0,1,0.69,4,2,0.89,2,4,5,4,0.89,3,5,4,0,4,0,3,300,2,3,2,5,3
2.83,4,1,0.55,2,1,2,0.8,2,0,1,1,1,1,1,2,1,4,2,3,1,3,4,4,2,0.89,1,4,0.93,2,2,2,3,0.8,2,3,1,2,2,1,4,300,1,4,2,2,4
1.74,5,1,0.74,4,2,1,0.79,4,0,3,4,4,2,3,3,2,2,4,2,3,1,2,3,5,0.91,3,4,0.79,2,1,2,3,0.9,4,3,1,2,4,0,1,300,2,2,2,4,1
2.91,3,3,1.0,2,1,4,0.89,0,0,1,2,2,4,2,2,1,2,4,2,3,5,3,0,1,0.89,2,5,0.72,1,3,2,3,0.9,3,3,3,2,3,0,3,300,1,3,5,4,4
2.36,2,1,0.96,3,3,3,0.64,4,2,4,3,3,3,3,4,3,3,3,3,4,3,2,1,2,0.79,2,3,0.59,3,3,1,3,0.85,3,3,3,1,3,0,2,300,1,4,2,3,3
3.19,3,3,1.0,3,2,1,0.69,1,1,4,5,1,4,1,3,2,2,4,2,3,3,1,0,2,0.69,1,2,0.69,4,3,3,5,0.95,3,2,4,2,3,1,5,200,2,1,2,1,1
2.39,2,1,0.96,4,3,4,0.99,1,0,2,1,3,2,5,1,3,3,5,1,2,4,3,1,1,0.69,5,3,0.92,3,5,2,5,0.7,2,2,2,1,1,0,1,300,2,2,1,3,3
3.31,2,1,0.85,4,3,3,0.6,2,0,4,3,2,4,1,3,3,3,5,3,3,2,3,3,1,0.92,1,3,0.79,5,1,2,2,0.6,2,3,4,2,2,0,2,300,2,2,1,1,3
2.34,1,3,0.66,3,5,4,1.0,0,1,5,3,4,3,5,1,5,3,1,3,5,2,2,1,5,0.7,5,1,1.0,5,4,3,4,0.99,2,4,3,2,2,1,2,300,1,5,2,4,2
3.09,3,1,0.82,3,2,2,0.78,2,1,1,2,1,3,4,3,2,2,3,4,3,2,4,1,2,0.57,4,2,0.9,4,3,4,2,1.0,2,5,2,3,2,0,1,300,0,4,2,3,3
1.95,3,0,0.96,2,3,4,0.79,0,0,2,3,3,3,2,3,3,4,3,1,2,1,5,0,2,0.89,2,3,0.6,4,2,4,1,0.9,2,1,3,0,2,1,3,300,0,4,3,2,2
2.52,3,5,1.0,2,1,1,0.88,0,0,3,3,1,4,1,3,1,3,2,2,1,3,3,1,3,0.69,1,1,0.96,1,4,2,2,0.72,4,2,2,1,4,1,2,200,1,2,2,3,2
3.11,4,5,0.82,3,3,4,0.9,2,2,4,5,4,3,1,4,3,1,1,2,3,4,2,1,2,0.9,1,3,0.88,1,5,2,4,0.89,2,1,3,1,4,0,3,300,1,4,4,4,5
2.76,1,1,0.8,3,4,4,0.79,0,0,4,5,4,3,4,1,4,3,1,3,2,2,2,1,3,0.8,4,3,0.91,3,4,5,2,1.0,1,2,1,1,2,1,1,300,1,5,2,4,3
3.25,1,1,0.9,2,3,3,0.69,2,4,3,1,4,4,2,4,3,2,3,2,3,5,5,2,4,0.6,2,2,0.69,4,3,1,4,0.7,2,3,3,0,2,1,1,300,1,4,4,2,2
3.0,2,1,0.91,5,2,2,0.93,4,1,5,2,3,2,3,3,2,3,2,1,3,1,4,4,4,0.69,3,5,0.9,2,2,1,5,0.92,2,5,3,1,2,1,2,300,1,3,4,2,4
2.5,3,1,0.89,4,4,3,0.7,4,0,4,4,3,1,3,3,4,3,3,5,5,2,4,3,2,1.0,3,3,0.92,1,1,4,2,0.93,5,5,5,3,4,1,2,300,1,4,4,3,5
2.28,4,1,0.97,3,3,2,0.96,4,0,1,2,5,2,2,4,3,3,2,4,1,3,4,4,4,0.66,2,5,0.7,4,1,2,1,0.87,5,4,3,2,4,1,5,300,1,3,2,3,4
3.07,4,3,1.0,1,3,2,0.89,0,0,2,1,1,5,5,1,3,3,5,1,4,4,1,0,4,0.66,5,5,0.7,1,1,3,3,0.9,3,1,1,3,4,0,4,300,1,1,4,4,3
2.43,3,3,0.78,3,4,2,0.9,2,0,3,4,5,3,3,3,4,1,3,4,2,3,3,3,3,0.95,3,3,1.0,4,2,4,2,0.55,2,4,4,1,3,0,1,300,0,2,5,2,5
3.36,4,2,0.99,2,3,3,0.63,2,0,2,3,2,2,2,3,3,3,3,3,4,3,5,0,4,0.9,2,4,1.0,3,2,2,3,0.89,2,3,3,2,3,0,3,300,2,3,3,1,2
3.28,2,1,0.98,4,1,2,0.99,0,1,1,1,5,3,3,4,1,2,2,3,4,3,4,1,4,0.98,3,3,0.84,3,4,4,3,0.72,1,3,5,1,2,0,1,300,1,4,5,5,5
3.11,1,2,0.89,5,4,3,0.78,1,1,1,2,5,1,1,2,4,2,1,3,3,3,5,3,5,0.79,1,3,0.96,3,4,5,2,0.79,3,3,1,0,2,0,1,300,0,5,2,3,1
3.45,2,1,0.72,3,3,3,0.79,0,0,1,2,3,4,2,3,3,2,2,2,4,2,4,4,4,0.63,2,3,0.69,5,3,2,4,0.69,4,1,2,1,3,1,3,300,2,5,4,4,4
3.48,5,5,0.93,2,4,4,0.79,2,0,2,3,3,2,3,4,4,4,4,2,3,3,5,2,3,0.79,3,4,0.99,3,3,1,2,0.7,2,4,4,0,2,0,3,300,1,2,2,3,2
2.11,5,2,0.95,1,2,2,0.8,2,2,1,2,2,1,2,1,1,4,4,1,3,3,4,3,2,0.93,2,4,0.69,3,2,3,2,0.7,2,2,3,1,3,0,4,300,2,2,4,1,4
3.02,4,1,0.77,4,2,2,0.79,1,1,1,4,1,3,3,2,2,4,3,4,4,3,2,3,3,0.7,3,1,0.78,2,3,1,1,1.0,1,5,2,1,5,1,3,300,0,1,2,2,4
3.09,2,2,0.84,1,3,4,0.7,4,1,3,1,3,3,3,4,3,5,4,4,2,3,4,1,3,0.69,3,2,0.77,5,3,3,2,0.78,1,2,4,2,2,0,2,300,1,1,1,2,2
3.09,5,1,1.0,4,3,3,0.92,4,0,2,5,3,1,5,3,3,5,3,5,2,4,4,3,3,0.93,5,3,1.0,5,3,2,2,0.7,4,3,3,1,3,1,3,300,2,4,4,2,3
3.53,4,1,0.91,1,2,1,0.82,3,0,2,2,3,1,4,2,2,4,2,3,2,3,5,2,3,0.82,2,4,1.0,3,2,3,3,0.82,1,2,5,1,5,1,4,200,1,4,5,1,2
3.16,4,2,0.98,1,2,2,0.6,2,2,5,5,3,2,1,3,2,3,3,5,4,4,2,4,3,0.69,1,3,0.7,4,1,2,2,0.88,2,3,1,2,1,1,2,300,1,2,2,2,2
3.13,5,3,0.63,1,2,2,0.86,1,0,2,1,4,2,3,2,3,5,2,4,3,3,5,1,5,0.8,3,5,1.0,3,2,2,3,0.8,2,3,4,0,5,0,3,200,0,4,4,1,2
2.27,3,1,0.88,3,1,1,0.78,1,4,5,4,2,2,3,1,1,2,1,2,2,1,4,1,4,0.66,3,1,0.89,3,4,4,3,0.79,3,4,2,1,5,1,2,300,2,2,2,2,4
2.63,5,2,0.82,4,2,2,1.0,4,1,4,2,5,2,3,3,2,3,4,2,3,2,3,4,1,0.9,3,2,0.79,2,4,5,2,1.0,5,2,1,3,4,1,2,300,0,4,2,3,2
3.58,5,3,0.76,1,2,2,0.89,1,0,2,3,4,2,5,1,2,4,3,3,3,3,5,1,4,0.76,2,5,0.89,3,2,2,2,0.76,2,5,4,1,5,0,3,200,1,4,2,1,2
3.17,4,5,0.69,4,3,1,0.89,0,0,3,4,4,3,5,5,3,4,4,3,5,1,5,2,4,0.79,5,3,0.92,2,4,2,2,0.79,3,1,3,1,1,0,2,200,2,2,5,3,1
2.64,2,1,0.91,4,1,2,0.88,2,0,2,1,1,3,4,4,1,3,4,3,1,2,4,3,1,0.79,4,2,0.66,4,3,5,5,0.78,3,3,3,2,2,1,3,300,1,3,4,1,2
2.96,2,5,0.65,3,5,2,1.0,1,1,5,5,2,3,4,4,5,4,3,2,2,1,4,2,3,0.79,4,4,0.92,3,5,3,5,0.96,5,3,3,1,4,0,4,200,0,4,2,3,2
3.38,1,1,0.66,2,3,4,0.69,2,1,1,1,2,2,5,2,3,5,4,2,4,3,5,3,3,0.77,5,2,0.69,2,1,4,1,0.53,5,2,3,2,2,1,5,200,1,3,4,2,4
3.44,2,1,0.8,1,1,2,0.8,1,0,2,1,2,1,4,2,4,4,4,2,5,1,4,1,2,0.8,3,4,0.79,2,1,3,3,0.9,1,3,5,0,5,1,3,300,1,2,2,2,1
3.19,4,3,0.77,2,2,4,0.8,1,0,1,1,2,1,3,2,2,2,2,3,3,3,4,3,3,1.0,1,4,0.69,3,1,2,2,0.8,2,4,2,0,4,0,2,200,2,4,2,2,2
3.14,2,5,0.74,4,2,3,0.78,4,0,3,3,2,4,5,3,2,5,1,2,2,1,2,3,5,0.89,5,2,0.59,3,4,1,3,0.79,2,2,4,1,2,0,5,300,1,3,3,4,5
2.23,2,3,0.93,3,3,4,0.9,4,0,5,5,2,5,3,2,3,1,3,2,4,4,2,3,5,0.6,3,3,1.0,3,3,2,2,0.78,1,2,3,3,3,1,1,300,1,4,3,5,5
2.69,2,1,0.77,1,2,3,0.79,0,0,2,3,3,5,1,4,2,5,4,1,2,2,4,1,2,1.0,1,5,0.79,4,2,2,4,0.64,1,2,3,0,3,0,3,200,2,5,3,3,3
2.94,1,0,0.95,2,4,1,0.78,1,0,3,4,1,2,4,3,4,3,4,3,1,5,3,2,2,0.7,4,5,0.7,5,3,2,5,0.89,4,2,2,1,3,1,3,300,1,3,1,5,3
2.21,2,3,0.94,5,2,5,0.89,0,2,1,5,2,2,1,4,2,2,4,2,2,3,1,1,1,0.7,1,3,0.69,1,2,2,5,0.89,1,4,3,1,5,0,2,300,2,4,5,5,4
2.0,3,5,0.93,3,2,3,0.78,1,0,5,4,3,1,4,5,2,2,5,3,3,3,4,4,4,1.0,4,2,1.0,4,3,2,5,0.73,4,4,1,3,4,1,4,300,1,5,3,3,3
1.93,3,1,0.84,2,4,5,1.0,0,1,5,3,4,4,3,4,4,1,3,3,4,4,1,2,5,0.96,3,2,0.69,2,3,4,1,0.6,3,3,4,2,3,0,1,300,2,1,1,3,3
3.02,4,3,0.82,3,3,4,1.0,2,4,3,2,1,4,2,3,3,4,1,2,3,2,4,2,4,0.69,2,2,0.6,2,1,0,4,0.77,2,2,4,2,5,0,5,300,1,1,1,3,3
2.7,4,3,1.0,4,4,2,0.7,1,1,1,1,2,3,3,2,4,3,3,2,4,4,4,1,2,0.79,3,3,0.68,3,1,3,5,0.69,2,3,2,1,5,0,5,300,1,5,2,2,4
1.63,4,4,0.66,4,4,4,0.89,0,0,3,3,5,3,5,3,4,4,4,4,5,4,4,3,4,0.78,4,4,0.84,4,3,2,4,0.6,4,4,4,1,4,0,4,200,1,5,5,3,4
3.74,3,5,0.77,3,2,4,0.79,4,0,3,1,2,2,2,3,2,4,5,2,4,4,2,2,4,0.78,2,2,0.89,3,3,3,2,0.91,2,2,4,3,4,1,3,300,1,4,2,5,2
2.4340903680159576,3,1,0.8644044446880044,3,1,5,0.6828992573919664,4,0,2,3,2,1,3,2,1,5,3,3,4,3,2,1,2,1.0,3,1,0.6167866659359869,3,3,2,3,0.6273037020799708,3,3,3,2,3,0,2,300,2,3,2,3,3
2.314893016986572,3,2,0.7101937853886909,2,4,2,0.89,1,0,1,3,3,2,3,2,4,3,1,3,4,3,4,4,3,0.771223254246643,3,3,0.6983689943378094,3,4,2,3,0.9087767457533572,4,4,2,1,1,0,2,300,2,3,4,3,4
1.0877267882956474,4,1,0.8372714354550593,4,2,2,0.8122696592057659,0,0,2,2,2,3,2,1,2,2,4,3,1,4,4,3,3,0.9231839173855284,2,4,0.8350017762492934,2,3,2,5,0.8386339414782363,4,2,2,1,3,0,1,200,1,5,2,1,2
3.2173845531578524,5,3,0.6948590106579196,4,3,1,0.760653861710537,0,0,2,3,4,2,5,1,3,2,3,2,3,3,5,1,3,0.9254679201973488,2,1,0.6512627712499663,3,2,1,3,0.7577564361842283,2,4,4,1,4,0,3,300,1,4,3,5,3
2.746184799346593,3,5,1.0,2,5,1,0.9980094605286572,1,0,3,4,3,4,2,4,5,1,5,2,1,3,3,1,3,0.8866824342144288,2,2,0.9993364868428858,1,4,3,2,0.7003317565785571,4,2,2,2,4,0,4,300,1,2,2,3,2
1.9739116247530648,5,3,0.8985488330040863,5,2,1,1.0,0,0,2,2,2,2,3,4,2,2,3,2,2,3,1,1,5,0.9307255834979568,3,2,0.7339116247530647,2,2,3,1,0.6487906941700718,1,2,4,1,3,0,1,300,2,4,5,5,2
2.928675211240103,3,1,0.9273504224802062,3,2,2,0.8049145352717731,0,0,3,2,2,4,4,2,2,2,4,5,4,4,4,2,2,0.7203846197678144,4,4,0.7,3,1,3,2,0.8922649577519794,3,4,3,3,2,1,4,300,1,3,3,3,3
2.7906448162877164,3,3,0.6596793743696064,3,3,2,0.7309690069450395,1,0,3,3,5,2,3,2,3,5,4,3,4,3,5,1,5,0.767420734849134,3,4,0.7674171698222045,3,2,2,3,0.767420734849134,2,4,2,2,5,0,3,200,1,4,3,3,3
2.4759464070084527,3,1,0.6435916072512479,2,2,2,0.7982563357099501,1,0,2,4,3,2,2,2,2,4,4,3,3,2,3,1,5,0.9422056500303494,2,4,0.9174366429004992,4,2,3,2,0.8808196928094509,2,4,4,2,4,0,4,300,2,4,4,2,1
2.5732687166656545,3,2,0.8538187547620493,2,4,3,0.8216343583328274,2,0,3,3,2,2,5,2,3,1,2,2,4,3,2,2,5,0.8618124523795069,3,4,0.6761812452379506,4,1,2,3,0.8798219059533207,2,5,4,2,4,0,3,300,1,3,1,3,4
1.887183516887871,3,3,0.7522652930739893,2,2,2,0.8635917584439355,1,0,3,4,3,2,3,4,2,3,4,2,3,1,3,0,3,0.8854694138520215,2,3,0.8513264653699463,4,2,2,2,0.9613264653699464,4,4,1,3,4,0,4,300,1,2,4,3,3
2.194059295382061,5,1,0.8506327001126326,1,2,1,0.8032867023652858,2,0,2,2,3,2,3,4,2,3,2,2,3,2,2,3,4,1.0,2,4,0.9955710992115714,2,2,3,2,0.7830402987610409,2,2,3,2,4,0,1,300,2,3,4,2,2
2.6268760472073,3,3,0.9262479055854006,2,1,5,0.8872495811170802,2,0,5,3,2,3,3,2,2,1,3,1,2,3,4,1,2,1.0,3,2,0.69862479055854,2,1,3,3,0.5312562832437979,2,2,4,2,3,0,2,300,1,3,3,3,2
2.645034597231057,3,1,0.9163573459579896,2,2,4,0.7516239337205544,0,2,2,2,3,2,4,5,2,2,2,2,3,4,4,2,4,0.8175172986155285,4,2,0.8558933648949741,2,1,5,2,0.9283760662794456,4,2,4,1,3,0,2,300,1,4,2,4,2
2.3992904986109,4,3,0.8654610591503764,2,2,5,0.9016316196898528,4,1,2,3,2,2,4,2,2,2,3,2,3,3,4,1,3,0.5870210281860884,2,4,0.9954610591503764,4,4,4,3,0.7022694704248117,3,3,3,2,2,0,3,200,1,4,3,3,3
2.509457106558999,3,5,0.9864448512901411,2,2,1,0.8852714467205006,0,0,3,3,3,4,2,4,1,2,2,2,1,3,3,1,3,0.6945183829032862,2,3,0.9547285532794992,1,1,2,2,0.7252714467205006,1,2,2,1,3,1,1,200,1,2,3,4,2
2.315280722405718,3,2,0.8258421672171532,3,3,2,0.8654678706761962,1,0,3,3,4,5,2,2,3,2,2,1,4,3,5,1,4,0.7022660646619019,3,3,0.7683990969928529,3,4,2,4,0.6110394581957117,2,3,3,3,2,0,1,300,1,2,2,4,5
2.823570507011272,5,5,0.8354764976629093,3,2,1,0.7948411674456969,1,0,4,1,3,2,4,3,2,2,3,1,4,4,3,2,2,0.7441677418201826,4,5,0.7861118278801218,5,1,1,2,0.6925794162771515,2,2,4,1,4,1,4,300,1,3,3,3,2
2.4002004786189746,3,5,0.8357979259844432,2,3,1,0.7636006381586329,1,0,4,1,3,3,2,2,3,2,2,1,2,1,3,1,4,0.8868003190793164,4,2,0.9334001595396584,3,1,5,3,0.7868003190793165,4,2,1,1,4,1,3,300,1,1,2,4,2
2.1917222200201216,4,3,0.9235499980181092,5,2,2,0.8552722180382311,1,2,2,3,2,2,2,2,2,3,4,3,4,3,1,1,3,0.7,3,1,0.7229000039637811,4,3,2,3,0.9101055579778664,1,2,3,2,3,0,2,300,2,3,4,3,3
2.7511040162319893,3,1,0.911167870144086,2,5,2,0.6888959837680108,0,0,5,4,3,2,2,2,5,1,2,2,3,1,4,3,2,0.9333120486959676,4,2,0.69,2,4,3,2,0.8177600405799731,2,2,3,2,4,1,2,300,1,2,2,3,1
2.4535174710822,3,3,0.8453371041040811,3,2,3,0.6164825289178003,2,2,2,1,1,2,3,2,3,3,2,2,2,2,3,3,2,0.6417384363808393,3,3,0.679447586753401,2,2,2,1,0.6565637255588426,2,2,2,3,5,1,2,200,2,2,3,4,2
2.840325908363982,3,3,0.8369296603630316,2,3,3,0.6807889810890948,2,0,4,2,1,3,3,3,3,5,2,5,2,4,4,2,2,0.7,3,4,0.89,3,2,2,1,0.9492110189109052,1,4,5,1,3,1,4,200,1,1,3,2,3
2.758137944643882,5,2,0.8548964428489438,4,2,2,0.681862055356118,2,1,2,3,5,2,5,3,2,5,3,2,2,1,4,3,4,0.954413833931646,5,2,0.69,2,4,5,3,0.835344861609705,2,2,4,3,3,1,2,300,1,3,3,4,2
1.7471948969432671,5,2,0.7523341090456008,1,2,1,0.8115846908298014,4,0,2,4,3,2,3,4,2,3,2,1,3,1,3,0,4,0.9192505817842006,2,4,0.8043897938865343,3,2,3,2,0.8773874667497319,2,2,3,2,4,0,1,300,2,3,2,2,2
2.373071069717766,4,1,0.8770125417149,2,2,4,0.7539832777134667,2,0,3,2,2,2,2,2,2,2,2,3,2,4,5,3,2,0.8919498331404003,2,4,0.936970735998567,4,2,2,2,0.7809958194283667,4,2,2,1,3,0,4,300,1,4,2,2,4
1.9376968105544752,5,1,0.9726620291454652,5,2,5,0.9176968105544752,0,0,2,2,2,4,3,4,2,2,3,2,2,2,1,2,1,0.9063310145727328,3,2,0.7863310145727327,2,2,3,2,0.6366898542726732,1,2,4,1,3,0,1,300,2,4,5,2,2
2.308974637611234,4,3,0.930170893731461,5,2,3,0.710341787462922,2,2,4,3,4,2,2,1,2,3,2,3,4,3,4,1,1,0.703561191641948,2,3,0.7779768519412011,3,4,2,3,0.85609702089513,1,2,3,1,3,1,2,300,1,4,3,3,3
3.308889340445772,2,5,0.902539521269367,1,3,2,0.7249209574612661,2,1,5,4,2,2,3,4,3,2,2,2,3,3,3,1,2,0.7004762872383797,3,3,0.8550790425387339,2,2,1,4,0.8201580850774678,5,3,3,1,4,1,4,300,1,4,2,3,3
3.283847091380762,3,2,0.9643742382531312,1,2,3,0.8335573407322143,4,0,2,3,4,2,5,4,3,5,3,5,3,3,2,3,2,0.7272595567887024,2,5,0.6302897506485473,3,2,2,2,0.762595567887024,3,5,3,1,4,0,3,300,1,1,2,5,3
2.1295490506090102,2,2,0.8479422051990515,2,2,3,0.6897110259952577,1,1,2,1,1,1,3,2,2,3,2,2,1,2,5,1,3,0.7,3,1,0.8514798467914639,4,2,5,2,0.9927977181966804,4,2,3,2,3,1,2,300,2,4,4,2,3
2.376774814544093,3,3,0.9233874072720464,2,4,3,0.7125827151469765,1,0,2,3,3,5,3,2,4,3,3,3,4,3,2,4,4,0.7024204933308371,2,3,0.6954834569706047,4,3,2,3,0.8888708642426512,3,1,2,2,3,0,2,300,2,3,4,3,2
2.279811200872813,3,3,0.9410062227071188,2,2,1,0.7913838209614911,2,2,2,2,5,3,2,2,2,2,3,4,4,3,3,2,4,0.5977987554585762,2,1,0.88,2,2,4,2,0.7808174235799327,2,2,2,2,2,1,3,300,2,2,3,2,2
2.6797688609232004,5,2,0.7450577847691998,5,5,1,0.6160736078463438,2,0,3,3,5,2,5,5,5,5,2,5,4,5,5,2,5,0.7885218987692573,5,5,0.6964203164615428,3,5,5,5,0.7885218987692573,5,2,5,2,5,1,2,200,1,4,2,4,5
3.2297096126017824,5,5,0.92,1,3,2,0.6908413996499504,2,0,5,4,1,3,3,4,3,2,2,2,3,3,3,1,2,0.7034623943992078,3,4,0.893365598599802,3,2,2,4,0.8731720070009903,5,3,3,1,4,1,4,300,1,4,2,3,1
1.7787908913827073,1,1,0.7432325742818923,2,2,4,0.8093954456913537,0,0,2,3,1,2,3,2,2,3,2,2,3,2,4,3,3,0.9035348514362156,2,3,0.8061628714094614,2,2,3,2,0.9161628714094614,2,2,4,2,4,0,3,200,0,3,2,2,2
2.0621734973767505,4,2,0.9011590392620212,1,2,2,0.6779710837705416,2,2,2,3,1,1,2,2,1,3,4,3,4,3,1,0,1,0.8697108377054159,2,1,0.875653005246499,4,2,3,2,0.855072290573646,5,2,3,2,2,0,2,300,2,2,4,2,4
2.445221521335322,3,5,0.7052215213353221,3,3,1,0.950642905965959,0,0,4,3,5,4,2,4,3,3,2,1,4,3,3,4,3,0.7747784786646779,2,3,0.7545786153693631,2,1,5,5,0.6960642905965958,2,3,2,1,3,1,2,200,1,2,3,4,1
2.381287587226328,3,5,0.8216554692909933,2,2,1,0.949356206386836,0,0,3,3,1,4,2,1,1,2,2,2,1,3,3,1,3,0.7494481769030022,2,3,0.890643793613164,1,4,5,2,0.789356206386836,3,2,2,1,3,1,2,200,1,2,3,2,2
1.836088292571962,5,1,0.9350735771433016,4,2,1,0.8071030080006223,2,0,2,2,2,2,3,1,2,2,4,2,3,2,2,3,4,0.8920294308573207,2,4,0.7091324388579429,2,2,2,2,0.7078234148560761,2,2,3,1,4,0,4,300,2,2,4,2,2
1.9602848407802749,5,3,0.8803797877070333,2,4,5,1.0,0,0,2,2,2,2,3,4,4,2,3,2,2,3,1,1,5,0.9398101061464832,3,2,0.720284840780275,2,2,3,1,0.6336498230891944,1,2,4,1,3,0,1,300,2,4,5,5,2
2.280607390061546,3,3,0.940303695030773,2,2,1,0.8900506158384622,1,0,3,4,3,2,3,4,2,2,2,3,4,4,3,1,2,0.998937067392294,2,3,0.79,2,4,3,2,0.9596963049692268,2,4,3,2,4,0,1,300,2,2,3,4,5
1.08608080514175,4,3,0.8237696907976747,4,3,2,0.6678383897165002,0,0,2,2,4,3,2,1,2,2,4,3,1,4,4,3,3,0.9823111143440753,2,4,0.8662303092023252,2,3,3,5,0.7789454492551497,4,2,2,1,3,0,1,200,1,5,2,1,2
2.8168227305113223,3,1,1.0,2,5,2,0.6945126621063341,2,0,5,4,3,2,4,2,5,1,2,2,3,1,4,3,4,0.8396392831696755,4,2,0.6954873378936658,2,4,3,2,0.7406139589570072,2,2,3,2,4,1,2,300,1,2,2,3,1
3.7045411355846847,5,3,0.8291895197692694,2,3,1,0.9107568559307808,0,1,4,4,4,2,2,4,3,2,4,2,2,4,2,3,4,0.8499463757000502,2,2,0.89,3,2,2,1,0.7738379039538539,4,1,4,1,4,0,4,300,1,2,3,5,3
2.790441162214922,4,3,0.6643138015204161,2,5,1,0.8117646488596879,1,0,3,3,5,3,5,2,3,5,4,4,4,5,5,2,5,0.7751961259502601,3,5,0.7661273606945058,3,5,3,3,0.782156900760208,3,5,4,2,5,0,3,200,2,4,5,3,4
1.8720584552431552,2,1,0.9530876828647328,3,2,3,0.8991550102298728,0,0,2,2,2,1,2,2,2,3,2,2,3,3,4,3,2,0.9301842378514504,2,1,0.8213977033244784,2,2,2,2,0.6179415447568448,2,2,3,1,4,0,2,300,2,4,4,2,2
2.2625832987751795,4,2,0.8789295323709189,2,2,2,0.6172692467191478,2,2,2,3,1,1,2,2,1,3,4,3,1,3,1,0,1,0.6971217922134754,2,1,0.6813653766404261,4,2,3,2,0.9213653766404262,2,2,2,2,2,0,2,300,2,2,4,2,2
2.38813754562516,3,2,0.995255018250064,2,4,4,0.850177691625672,2,0,2,1,3,2,2,1,2,2,1,2,3,4,5,1,1,0.74255018250064,2,3,0.811352417874712,3,4,5,2,0.897627509125032,2,2,1,1,2,0,1,300,1,4,4,3,4
3.1363481146994783,5,5,0.9460319758527416,2,3,2,0.69,2,0,5,4,1,3,3,4,3,2,2,1,3,3,3,1,2,0.7225399698159267,4,3,0.8281740573497391,3,2,2,4,0.8281740573497391,5,3,3,1,4,1,4,300,1,4,2,3,3
2.6046491405118024,4,2,0.830140343795279,2,2,2,0.9492982810236048,2,0,2,2,5,2,2,2,2,2,2,2,4,4,2,1,4,0.8746491405118024,2,4,0.759578968614163,2,4,2,2,0.979719312409442,2,3,2,2,1,1,2,300,1,4,2,2,2
1.2494155667808595,4,3,0.8829926579809443,1,2,3,0.7016064592763077,4,0,5,2,1,3,3,3,1,3,3,2,2,4,2,1,3,0.8829926579809443,5,4,0.7770073420190557,2,4,2,2,0.9194889869714165,2,1,4,1,3,1,2,200,0,1,3,2,3
2.857538829475291,2,5,0.8426164884258733,2,3,4,0.6345232976851747,0,0,5,2,2,3,3,4,3,3,2,5,2,1,2,1,3,0.7301553179011644,3,3,0.9050776589505822,2,2,1,4,0.9894456387345923,4,2,3,1,3,0,5,300,1,4,3,2,4
3.727119355384983,4,3,0.8336954843079862,1,3,1,0.9265761289230036,2,1,4,4,1,2,3,4,3,2,4,2,2,4,3,3,4,0.8242387107699657,2,2,0.8965761289230034,3,2,2,4,0.9246748363060756,5,3,4,3,4,0,4,300,1,4,2,1,1
2.912950741899936,2,5,0.8336617206670943,3,2,2,0.6956830860333547,1,2,5,2,2,3,3,4,3,3,4,3,4,3,4,1,2,0.7377602368672226,3,4,0.9559014837998716,3,2,1,4,0.7331691396664528,3,5,2,1,3,0,4,300,1,4,3,3,3
2.3262530092868765,3,5,0.8634427662520335,3,3,4,0.8815692708954717,1,0,4,2,5,2,4,5,3,3,5,2,4,3,3,1,1,0.7087349535656184,4,5,0.7537469907131237,3,5,2,5,0.6271656826701468,1,3,3,1,3,1,4,300,2,2,4,3,1
2.712062948183566,3,3,0.924125896367132,3,2,2,0.8608974766730754,0,0,3,3,3,3,4,2,2,2,2,2,4,3,3,1,2,0.8963228419694057,4,3,0.9304487383365376,2,4,3,2,0.7,2,2,3,2,4,1,2,200,1,3,2,3,3
2.881435834262279,3,1,0.9120439289695482,1,3,2,0.689391905292731,0,0,4,4,2,2,3,3,2,5,2,3,2,1,3,1,2,0.8897803551522588,4,1,0.8928716685245585,2,4,2,2,0.6820439289695482,4,1,3,2,2,1,3,300,1,3,2,3,3
1.8678005178310455,5,3,0.9602404142648366,2,2,2,0.8680409320958825,0,0,2,2,2,2,3,2,2,3,2,2,2,2,2,3,3,0.7161176179771892,2,2,0.6924398964337908,3,2,3,2,0.62927875720549,2,2,3,1,4,0,3,200,2,3,4,2,2
3.094588205692084,5,5,0.8226989445247554,1,3,2,0.7775709499277201,2,1,5,4,2,3,4,4,3,2,2,1,3,3,3,1,2,0.5732387334297064,4,4,0.8997301055475245,3,2,2,4,0.997031161022769,5,3,3,1,4,1,4,300,1,4,2,3,3
2.7950336814533467,3,1,1.0,2,5,2,0.6960690227533324,2,0,5,4,3,2,2,2,5,1,2,1,3,1,2,3,4,0.8567592502866563,4,2,0.6939309772466675,2,4,3,2,0.7546212047799916,2,2,3,1,4,1,2,300,1,3,2,3,1
1.346193016723433,5,2,0.8394316200681196,2,2,1,0.816193016723433,4,0,1,1,1,1,3,3,2,2,2,2,2,1,1,3,1,0.6094316200681196,3,4,0.9881251210694824,2,1,3,3,0.8989204655517712,2,2,2,1,4,0,1,200,1,2,2,2,1
2.708443068700137,3,1,0.9242633648803285,2,5,2,0.750491090079781,2,0,5,4,3,2,4,2,5,1,2,1,3,1,4,3,2,0.9,4,2,0.8162277251994525,2,4,3,2,0.7331975236602464,2,2,3,1,4,1,2,300,1,3,2,3,1
1.8115330173187485,1,1,0.8910141476729132,2,2,4,0.7979481130354166,0,0,2,1,1,2,3,2,2,3,2,2,2,1,4,3,3,0.8941037739291671,2,2,0.7184669826812516,2,2,3,2,0.7569339653625032,2,2,3,2,2,0,3,200,0,4,5,4,2
3.390052741862104,5,3,0.7357120151384019,4,3,1,0.7551845965173635,0,0,2,3,4,2,5,1,3,2,3,2,3,3,5,3,3,0.8592616139305462,2,1,0.785026370931052,3,2,1,3,0.69,2,2,3,1,4,0,3,300,1,4,3,5,3
2.378845194231318,3,5,0.9915380776925272,2,2,4,0.8111498157715354,2,0,2,4,2,3,2,2,1,3,3,2,4,3,3,2,1,0.7053807769252718,2,4,0.8280786503836277,2,2,2,2,0.8957690388462636,2,2,2,2,1,1,3,300,2,2,4,3,2
2.510149646123623,3,2,0.8095510616291318,5,2,1,0.9407482306181136,0,0,2,3,1,3,2,3,2,2,3,2,1,3,3,1,3,0.6802992922472454,2,4,0.79,1,1,2,3,0.7443265924436977,4,2,2,1,4,0,2,200,1,1,2,3,2
2.6007631768274915,4,1,0.7753319634165475,1,3,1,0.6760951402440392,1,0,2,2,5,3,5,2,3,3,2,4,4,3,4,3,2,0.7141427103660586,3,4,0.9463329908541368,3,2,3,3,0.7141427103660586,2,3,2,2,3,0,4,300,1,4,2,3,3
2.7816735634578453,5,5,0.8761226057630753,4,2,3,0.8317149442049161,2,1,2,2,5,2,5,3,2,2,3,2,2,1,3,3,4,0.9094283519316946,5,2,0.7622452115261505,3,4,5,3,0.8038773942369247,2,2,4,3,3,1,3,300,1,3,2,2,2
3.03965406537086,3,3,0.8271922763755915,3,3,1,0.7728077236244085,2,0,4,2,2,4,2,3,2,3,1,4,4,4,3,1,2,0.6563073165070973,2,4,0.9,3,1,2,2,1.0,2,2,3,3,2,0,3,200,1,3,3,3,4
2.689027361342742,4,5,0.7112157983215727,2,2,3,0.5948631932862908,1,2,2,2,5,2,3,4,3,4,4,3,5,3,4,3,2,0.7509726386572582,3,4,0.9982978823497982,3,2,2,3,0.9997568403356856,1,3,2,2,3,0,4,300,1,1,3,4,4
1.089364168877215,4,1,0.8416377836725735,4,2,2,0.8226397362223619,0,0,2,2,4,3,2,1,2,2,4,3,1,4,4,3,3,0.9160886015320682,2,4,0.8289980474502116,2,3,2,4,0.8468208443860752,4,2,2,1,5,0,1,200,1,5,2,1,2
1.813542213588141,5,1,0.8723977475584934,1,2,1,0.9645778641185904,4,0,2,4,3,2,3,4,2,3,2,1,3,2,2,0,4,0.9805178252652246,2,4,0.8892645437363788,2,2,3,2,0.687084427176282,2,2,3,1,4,0,1,300,2,3,2,2,2
2.682855030122349,2,5,0.8835724849388251,3,4,4,0.7734504442788206,0,0,4,3,5,3,3,2,4,3,4,3,4,3,4,1,2,0.8934504442788206,5,3,0.8780917168705829,3,4,3,4,0.6976183433741165,2,3,3,2,3,1,4,300,1,3,4,3,3
2.360460714229974,4,3,0.9581571430801036,2,2,1,0.6423035711498707,2,2,2,3,2,2,2,1,2,3,2,3,4,3,4,1,1,0.7853928577002588,2,3,0.5950678565297154,3,4,1,3,0.8518428569198965,3,2,3,2,3,1,2,300,1,4,4,3,3
1.3163783024352718,4,1,0.8993649170757507,4,2,2,0.5914864390220448,0,0,5,2,4,3,3,3,1,2,5,2,2,4,2,3,3,0.89,3,4,0.7631891512176359,2,3,2,5,0.93,2,2,2,1,5,1,2,300,1,2,1,3,3
2.53,4,1,0.7637587379335844,2,2,2,0.8,2,0,2,2,5,2,2,2,2,2,2,2,4,4,4,1,4,0.8481206310332078,2,2,0.7551365010587523,2,2,2,2,0.9125968259948912,2,1,2,3,1,1,2,300,1,4,2,3,2
2.1766463451074127,4,5,0.6496908676694226,3,3,1,0.5715456616528867,2,4,2,1,5,2,3,2,3,5,2,1,2,3,5,1,3,0.7292271691735566,1,3,0.6898454338347113,3,3,2,5,0.7678360736859586,1,2,3,3,2,1,2,300,2,2,4,1,3
1.5049468981434224,5,1,0.7914690299859639,3,3,1,0.9928318562587726,0,0,2,2,4,4,3,5,3,3,3,5,3,1,1,2,3,0.7978849581153502,3,1,0.9235486706328954,2,4,3,2,0.6542300837692996,3,1,4,1,4,0,2,200,1,3,4,2,1
2.4914363170336538,5,2,0.7728726340673074,5,5,1,0.4470460370793285,1,0,3,3,5,2,5,2,5,5,2,4,4,4,5,2,5,0.7285907925841343,5,5,0.6514634266514416,3,2,5,5,0.6215447555048057,5,2,5,2,5,1,2,200,1,5,5,4,5
2.424331319237424,3,2,0.9976658373330568,5,2,5,0.8006669036191266,1,0,2,3,3,5,4,2,2,2,3,1,3,3,4,2,3,0.6,4,4,0.7060021325721394,2,4,4,2,0.9916637047609174,3,2,3,2,3,1,4,300,1,3,3,3,3
2.3814552009164296,3,5,0.8174533983962476,2,3,1,0.9441791963342804,1,0,4,1,5,3,2,3,3,2,2,1,2,3,3,1,4,0.755457003436612,4,2,0.8918190011455374,3,1,5,3,0.7903638002291075,1,2,1,1,4,1,3,300,1,1,4,4,1
2.3788194326719587,3,2,0.9317592435626112,2,4,3,0.7061689598985903,2,1,2,3,2,3,2,2,4,3,3,2,4,3,5,2,3,0.6767708509920624,2,1,0.7,3,3,4,3,0.9061689598985904,2,3,2,2,2,0,4,300,1,3,4,3,3
2.795888977841392,3,5,0.9176106218723457,2,3,1,0.7123893781276545,2,0,4,3,2,3,2,1,3,5,4,2,5,2,2,1,4,0.8153338670483503,3,2,0.8588897784139171,3,1,1,2,0.9423330664758248,2,4,3,1,3,0,4,300,1,5,3,2,1
1.9400627047182504,2,1,0.9722980454279616,3,2,3,0.9200627047182502,0,0,2,2,2,1,2,2,1,3,2,2,1,3,4,3,2,0.9061490227139808,2,1,0.7861490227139808,2,2,2,2,0.6385097728601925,2,2,3,1,4,0,2,300,2,4,4,2,2
2.234011231247752,3,3,0.6470227334303371,2,3,1,0.5848863328483143,1,0,3,2,2,2,2,2,3,5,5,3,1,2,5,1,2,0.7225568335758429,3,2,0.6885113667151685,3,3,2,1,0.74915913401236,3,2,4,2,3,1,3,200,2,4,2,3,2
2.48704596092813,3,5,0.8495076601546883,3,2,5,0.9204923398453118,1,2,2,2,3,3,3,4,2,2,2,2,4,3,4,1,2,0.8428920611859438,2,3,0.6695076601546883,2,1,5,3,0.6931692200515627,2,3,3,1,3,1,5,300,1,3,3,4,3
2.8394913055965034,2,5,0.8301695648011655,3,2,5,0.7966101450662781,1,0,2,4,2,4,4,3,2,3,3,4,4,4,3,2,2,0.7255934768040794,4,5,0.773728984536053,5,1,1,5,0.6916949274668609,2,2,4,1,3,1,4,300,1,3,3,3,2
3.106367697009996,5,1,0.922047823255831,2,2,1,0.7664798106312475,2,0,4,1,2,2,2,5,2,2,3,4,4,4,3,3,2,0.6576158358804145,2,4,0.6368161514950019,3,1,1,3,0.778863974750833,3,3,4,3,2,1,4,300,1,4,3,3,1
3.2689383316174903,5,2,0.9168077387080392,4,2,3,0.6963845225839218,4,0,2,3,4,2,5,4,2,5,2,5,3,3,3,3,2,0.6919153567751766,2,5,0.8836154774160782,3,2,2,2,0.8772309548321562,3,1,4,1,4,0,3,300,1,1,2,5,3
2.5791191060997507,3,3,0.8457692369692416,1,3,1,0.67,1,0,3,2,2,2,2,2,3,5,5,3,1,2,5,1,2,0.756563277634247,3,2,0.6869602979667497,3,3,2,1,0.6508808939002492,2,2,4,2,2,1,3,200,2,4,2,3,2
2.854490824486595,2,3,0.9542993882991064,2,2,4,0.6885987765982127,2,0,4,3,1,3,1,2,2,5,3,3,3,4,4,3,2,0.8745865425803397,2,2,0.7441079521116175,2,4,4,3,0.9299042819062556,4,1,1,3,2,1,3,300,1,1,2,2,2
2.774451760996677,5,1,0.8831976454360462,3,2,2,0.9006894143147846,0,0,4,4,2,4,3,2,2,2,4,2,3,4,4,3,2,0.8909717649377077,3,2,0.79,2,4,5,2,0.8104070636918614,4,3,1,3,2,1,3,300,1,2,2,4,2
1.9377979765242324,4,3,0.9376998554660166,5,2,2,0.8,2,0,2,3,2,2,2,2,2,2,2,1,2,2,4,1,3,0.9053997109320332,2,3,0.6961500722669917,2,2,3,2,0.7123001445339834,3,2,3,1,4,0,4,300,1,3,2,2,2
2.7486075390145968,3,3,0.999204308008341,2,2,2,0.9990053850104263,1,0,1,4,3,3,4,2,2,1,3,2,5,1,3,1,3,0.891094076488531,2,2,1.0,1,2,3,2,0.6999005385010426,2,2,1,2,4,0,4,300,1,1,2,3,2
2.540624364418592,3,1,0.8470042007618261,3,2,1,0.89,0,2,4,2,3,4,4,4,3,2,2,2,2,4,4,1,3,0.6922193235044005,4,5,0.79,2,1,5,2,0.79,4,2,3,1,4,1,2,300,1,3,1,4,4
2.9188492269963846,2,5,0.881466372189099,2,3,4,0.7381670347636263,2,0,4,3,1,3,2,1,3,5,4,3,3,4,3,1,4,0.8689002208581758,2,3,0.9429837382399888,2,1,2,3,0.7756008834327032,4,4,5,1,3,0,2,300,1,1,3,1,3
2.488116998701269,3,2,0.754525385614409,5,2,5,0.8726423843156773,4,0,2,3,2,5,4,1,2,4,3,1,1,3,4,2,4,0.6877373071927955,4,4,0.8975474614385591,2,4,4,2,0.7938686535963978,3,2,3,2,3,1,4,300,1,3,3,3,3
2.327400159383907,3,1,0.878153723550841,2,2,3,0.8355538829347477,2,0,3,2,3,3,4,2,2,2,2,2,1,3,4,2,3,0.6259231382245796,2,2,0.8851846276449159,1,3,5,3,0.7629615691122897,3,3,2,2,3,0,3,300,1,4,3,2,4
1.5442387407203786,5,1,0.8224177962606625,2,3,1,0.9545523611492902,0,0,2,2,2,5,3,2,2,2,3,4,3,2,2,1,2,0.771820944459716,3,3,0.9512088981303312,2,2,3,2,0.6760596851800946,2,2,3,1,4,0,5,300,1,2,5,2,2
2.3878509549607734,3,2,0.9438012732810312,2,2,3,0.7227267507614179,2,1,2,3,2,3,2,2,2,3,3,3,4,3,5,2,3,0.6632235675588398,2,1,0.7,4,3,4,3,0.922726750761418,2,3,2,2,3,0,4,300,2,3,4,3,3
1.2365323006828637,4,1,0.8540508848780245,4,2,2,0.6359491151219755,0,0,2,2,4,1,3,3,2,2,4,2,3,4,4,1,3,0.9295440266341732,3,4,0.8167338496585682,2,1,2,4,0.8652915927804441,4,2,4,2,5,0,1,300,2,5,2,3,3
2.409359184426449,3,5,0.8346795922132246,2,2,1,0.9206408155735506,0,0,2,3,1,4,2,4,1,2,2,2,1,2,3,1,1,0.703025304917681,2,3,0.8841281631147101,1,1,5,2,0.8487183688528988,5,2,2,1,2,1,1,200,1,2,3,2,2
2.9228766613425785,3,3,0.943310561766992,3,2,1,0.6809702728973636,0,0,4,2,2,4,2,3,2,3,1,4,2,4,3,1,2,0.8599658426504879,2,4,0.9728425039930664,3,1,2,2,0.943344719116504,3,2,3,3,2,0,3,200,1,3,3,3,3
2.5846852586917066,3,1,0.88,3,2,1,0.8853147413082936,0,0,3,3,3,3,4,2,2,2,2,2,4,3,3,1,2,0.7379773210641638,4,3,0.8981011339467918,2,4,3,2,0.8782249468294198,2,2,3,2,4,1,2,200,1,3,2,3,2
1.8826585536283975,1,2,0.9620243391148062,2,2,3,0.89,0,1,1,1,2,2,1,2,2,2,2,2,2,1,3,1,1,0.6520243391148063,2,3,0.6913292768141989,2,2,2,3,0.6478539653111626,2,5,3,2,2,0,2,200,2,4,2,2,3
2.33,3,5,0.8457073547158119,3,3,1,0.89,0,0,4,3,4,2,2,4,3,2,2,1,4,3,3,1,2,0.7073518894887056,2,3,0.7456620276278235,2,1,3,5,0.6078083502699175,2,3,2,1,5,1,5,200,1,3,3,4,1
2.0624953277494065,4,3,0.5718147838177501,4,3,4,0.4478355997152344,2,0,2,3,5,3,5,3,3,3,4,4,5,4,5,1,2,0.7055671199430469,3,4,0.7095463040455624,5,3,2,4,0.7260208158974845,1,4,4,2,2,0,4,200,1,2,1,4,3
2.370030325893744,3,2,0.914863533478152,2,4,3,0.64,2,1,2,3,4,2,3,2,4,3,2,3,4,3,3,1,2,0.895318421884312,3,2,0.595015162946872,2,3,2,3,0.7196057633813281,4,2,2,2,3,1,2,300,2,3,4,3,1
2.2283239159963126,4,3,0.933863614317342,5,2,5,0.7863068677859805,3,1,2,3,2,2,4,2,2,2,3,2,3,3,4,1,3,0.6977272286346841,2,4,0.9441193374723258,4,4,4,3,0.7718465661070097,3,3,3,2,2,0,4,200,1,4,3,3,3
2.5539942289244424,3,1,0.8604938682322201,3,2,1,0.921002164153334,1,0,4,2,5,4,2,2,2,3,2,2,3,4,3,1,3,0.9754974751544436,2,2,0.9649963930777764,1,2,2,2,0.7635075745366693,3,2,2,2,4,0,2,300,1,4,2,3,2
2.8908623185919606,5,1,0.8587443059564985,3,2,2,0.7940393375451541,0,0,3,4,2,4,4,2,2,3,4,5,2,2,4,2,2,0.6929803312274229,4,4,0.7350983438628852,3,2,2,2,0.7496066245484593,3,3,4,3,2,1,3,300,1,3,3,3,3
2.665495120332332,2,5,0.892252439833834,3,4,4,0.7575371936379711,0,0,4,3,5,3,5,2,4,3,4,1,4,3,4,1,2,0.8775371936379711,5,3,0.8491585338872202,3,3,3,1,0.691831706777444,2,3,3,2,3,1,4,300,1,3,4,3,2
1.7114013888725672,5,2,0.7685986111274328,2,2,1,0.8075991453091894,0,0,2,1,1,1,3,1,2,2,2,2,1,1,1,3,1,0.8946007478544593,2,4,0.8009994658182434,2,1,3,2,0.8989000534181757,2,2,2,2,4,0,5,200,1,2,2,2,1
1.4080185954869455,5,1,0.9332400968629692,3,3,1,0.8831002421574232,0,0,2,2,4,4,3,5,3,3,3,1,3,4,1,2,3,0.8425408233352389,3,1,0.8940792250962457,2,4,3,2,0.5311188376443686,3,1,4,1,4,0,2,200,1,2,4,2,4
2.33,3,5,0.6951632267391843,3,3,1,0.89,0,0,4,3,5,2,2,4,3,2,2,1,4,3,3,4,3,0.8148834094720112,2,3,0.7187791476319971,3,4,5,5,0.656197534262405,2,3,2,1,3,1,5,200,1,2,3,4,1
1.5728194581952262,4,1,0.5104122341315737,4,3,1,0.5187963879681738,4,0,3,3,4,3,5,3,3,2,4,3,3,2,2,3,3,0.9003380133824956,3,4,0.7065787357888608,2,4,2,4,0.9209398193984089,4,4,1,1,4,0,5,300,1,2,5,4,4
2.6562624112796938,3,5,0.8968687943601531,2,2,2,0.8306063830804591,1,0,1,3,3,3,4,2,2,1,2,2,5,3,3,1,3,0.9421719859003826,4,2,0.9363891844904207,1,2,3,2,0.6957828014099617,1,2,1,2,4,0,4,300,1,1,2,3,2
2.894968081668456,3,1,0.9171246180962608,2,3,2,0.6992811545240651,0,0,4,2,2,2,3,3,2,5,2,3,3,4,2,1,2,0.8539536501176416,2,1,0.921373854288782,2,2,2,2,0.6953913410695113,4,1,3,2,2,1,3,300,1,3,2,3,3
1.95052774235722,2,1,0.9706880396373508,3,2,3,0.9305277423572198,0,0,2,2,2,1,2,2,2,2,2,2,1,3,4,3,2,0.9053440198186754,2,1,0.7853440198186754,2,2,2,2,0.646559801813246,2,2,3,1,4,0,4,300,2,4,4,2,2
1.0602347123298184,4,3,0.958838017123682,3,2,3,0.6829421461169694,0,0,5,2,4,1,2,1,2,2,5,3,1,4,4,3,3,0.8031024805944396,4,4,0.7723239657526362,2,2,2,5,0.9437206609587728,2,2,2,1,3,0,1,300,1,1,2,3,3
2.50982633705306,2,5,0.9457308250425656,3,4,4,0.6614037624361515,1,0,4,2,3,3,5,2,4,3,3,3,4,3,4,1,2,0.79,5,3,0.6613458747871716,3,4,3,1,0.714442837904374,2,3,3,2,3,1,4,300,1,3,4,3,3
2.401358328239831,3,1,0.8891000087317187,2,3,3,0.8113416455650131,2,1,2,3,4,2,3,2,3,3,1,3,4,3,3,1,3,0.7781833347886198,3,2,0.6313583282398307,2,3,2,3,0.7554666783089582,4,2,2,2,4,1,2,300,2,4,4,3,2
2.1779300649841526,5,2,0.9978649825042666,1,2,2,0.6593899950012191,2,2,2,3,1,1,2,2,1,3,4,3,4,3,1,0,1,0.686949975006095,2,1,0.6627450224945145,4,2,3,2,0.8981699850036571,5,2,2,2,3,0,2,300,2,2,4,2,5
3.2446872426128217,5,5,0.9162651811250786,1,3,2,0.6877591086750471,2,1,5,4,2,3,4,4,3,2,2,2,3,3,3,1,2,0.6903734818874921,4,3,0.89,3,2,2,4,0.8941083007624135,3,3,3,1,4,1,4,300,1,4,2,3,3
2.35532198318021,4,2,0.9604860616725625,2,2,5,0.732575865441682,2,1,2,3,2,2,4,2,2,2,3,2,3,3,4,1,3,0.5864520112131931,2,4,0.901287932720841,4,4,4,3,0.8562941065253351,3,3,3,2,2,0,3,200,1,4,3,3,3
1.851611438484676,5,1,0.9480095320705632,5,2,2,0.8252133448987884,2,0,2,2,2,2,3,1,2,2,2,1,3,2,2,3,2,0.8972038128282253,2,4,0.7324171577270137,2,2,2,2,0.6767771230306484,2,2,3,1,4,0,1,300,2,2,4,2,2
1.9779533127834144,4,3,0.5103296820243015,4,3,4,0.3517651281629712,2,0,2,3,5,3,3,3,3,3,4,4,5,4,5,1,4,0.6863530256325943,3,4,0.7249175794939245,5,3,2,4,0.6914354461386697,1,4,4,2,2,0,4,200,2,2,5,4,3
1.5582205391956157,5,1,0.8468859435923274,2,3,1,0.9283364890082206,0,0,2,2,2,4,3,3,2,3,2,4,3,2,2,2,2,0.7613345956032883,3,3,0.9634429717961636,2,2,3,2,0.679555134798904,3,2,3,1,4,0,5,300,1,2,5,2,2
2.953800386814083,3,3,0.9446992908408473,3,2,1,0.7153998710619722,0,0,1,2,2,1,4,3,2,2,3,5,2,2,5,1,3,0.676999355309861,3,4,0.620700580221125,3,2,1,2,0.9470985172126803,4,4,4,3,2,0,3,300,1,2,4,3,3
2.9529492616498105,5,3,0.9462596869753472,2,2,1,0.7156835794500631,0,0,3,1,2,4,4,3,2,3,4,4,4,4,3,2,2,0.6784178972503156,4,3,0.6194238924747159,5,2,1,5,0.950361163675726,3,2,4,0,4,1,3,300,1,3,3,3,3
2.39148204765991,1,2,0.92720466661466,3,1,2,0.69,1,0,2,2,2,2,4,2,2,2,3,2,3,4,2,1,5,0.57491561903276,4,5,0.8422890475819,2,4,2,2,0.88622890475819,2,3,3,2,2,0,2,300,1,4,4,3,3
2.4291465253500624,3,5,0.8323187281505608,3,3,5,0.9180513549008724,1,2,2,2,3,3,3,3,3,2,2,2,4,3,4,1,2,0.7810951704491899,2,3,0.6838972901982551,2,1,5,3,0.6993882211493144,2,3,3,1,5,1,5,300,1,3,3,4,3
2.7920672688467443,3,5,0.9484495483649418,2,3,4,0.6965381507739545,2,0,5,3,2,3,2,2,3,5,4,2,5,5,2,1,4,0.7753486450948254,3,4,0.8051681721168608,3,1,1,3,0.959483182788314,2,4,4,1,3,0,5,300,1,5,3,2,1
2.138118722105911,5,2,0.9734322684215926,1,2,2,0.7343896484195408,2,2,2,3,1,1,2,2,1,3,2,3,4,3,1,3,1,0.8175251115763555,2,1,0.6759406389470444,4,2,3,2,0.7937290736863704,3,2,3,2,3,0,2,300,2,2,4,2,2
2.6145936487838988,3,3,0.9021555414872924,2,2,5,0.8954063512161011,2,0,2,3,2,3,3,2,2,1,3,1,2,3,4,1,2,1.0,3,2,0.6945936487838988,2,1,2,3,0.6035333755381224,2,2,4,2,3,0,2,300,1,3,3,3,2
2.949765421670395,3,3,0.82,3,3,1,0.7927485980299642,0,0,4,2,4,1,4,2,3,5,2,5,2,2,3,2,2,0.6464915881797847,4,3,0.804385514775269,2,1,2,4,0.8023967305355559,3,3,3,0,2,0,3,300,1,3,4,3,2
2.5354781733255467,4,5,0.6629989932437879,1,3,1,0.7671309600467194,1,0,2,2,5,3,5,2,3,3,2,4,4,3,4,2,2,0.872479180081759,3,4,0.9164345199766404,4,2,2,3,0.850696440070079,2,3,2,2,3,0,4,300,1,4,2,3,4
2.3795170415892506,3,1,0.8721733128483719,2,3,3,0.64,2,1,4,3,4,2,3,2,3,3,3,3,2,3,3,1,2,0.9949289366871324,3,2,0.5997585207946253,3,3,2,3,0.596278459339741,4,2,2,2,3,1,2,300,2,3,4,3,2
1.1957619094416894,4,1,0.8383699651698805,4,2,2,0.6516300348301195,0,0,1,2,4,1,3,3,2,2,5,2,3,4,4,3,3,0.9467930383131314,4,4,0.8371190452791554,2,1,2,3,0.8370659373057848,4,2,2,2,5,0,1,300,2,5,2,3,3
2.2358365178352995,4,3,0.8947860937882255,2,2,1,0.8609339174352879,2,1,1,3,5,2,2,1,2,3,1,1,4,3,3,2,3,0.7613617298588367,2,3,0.7222956472941245,1,4,2,3,0.89,1,2,3,1,3,1,3,300,1,4,4,3,3
2.756748410639863,4,0,0.607347865464763,1,3,1,0.664096276104626,1,0,2,2,5,3,5,2,3,3,2,4,4,3,4,3,2,0.6961444141569388,3,4,0.9043369663661908,4,2,3,3,0.6961444141569388,2,3,2,2,3,0,4,300,1,4,2,3,4
2.5570832251262074,4,2,0.849166709949517,2,2,2,0.8541664502524149,2,0,2,2,5,2,2,2,2,2,3,2,4,4,2,1,4,0.8270832251262075,2,2,0.702499870151449,2,2,2,2,0.941666580100966,2,1,2,2,1,1,2,300,1,4,2,2,2
1.8746468590306475,5,3,0.7512205715858873,2,2,1,0.8573234295153237,1,0,3,4,3,4,3,4,2,4,4,2,3,1,3,1,3,0.8875588568282254,3,3,0.8461028579294364,4,2,2,2,0.9561028579294364,4,4,1,3,4,0,1,300,1,2,4,3,3
2.348829531522144,3,5,0.8754919466939586,3,3,4,0.8727395961047015,4,0,4,2,5,3,4,5,3,3,5,2,4,3,3,1,1,0.6978456381342265,4,1,0.745292617119464,3,5,2,5,0.6047073828805359,1,4,3,1,3,1,5,300,2,2,4,3,1
2.4007605223024635,3,1,0.9987324628292272,2,4,4,0.8997464925658455,2,0,2,1,3,2,2,1,2,2,1,2,3,4,5,1,5,0.7902535074341546,2,3,0.7867044033559906,2,4,5,2,0.8994929851316908,2,2,1,1,4,0,1,300,1,4,4,4,4
3.5732767146420263,5,2,0.7641086743854283,4,3,3,0.8862648414677925,4,0,2,3,4,2,5,4,2,5,2,2,3,3,3,3,2,0.758505936587117,2,5,0.8862648414677925,2,2,2,2,0.7573853890274548,3,5,3,1,4,0,3,300,1,1,2,2,3
1.5331215903590236,5,1,0.8029627831282912,2,3,1,0.9753970180768308,0,0,2,2,2,4,3,3,3,3,2,1,3,2,2,2,4,0.7801588072307324,3,3,0.9414813915641456,2,2,3,2,0.6732803975897559,3,2,4,1,4,0,5,300,2,2,5,2,2
2.694872777706235,5,2,0.7412818055734411,5,5,1,0.6392689086202902,2,0,3,3,5,2,5,2,5,5,2,4,4,5,5,2,5,0.7917584523656219,2,5,0.6969597420609369,5,2,5,5,0.7917584523656219,5,5,5,2,5,1,2,200,1,5,2,4,5
2.630895294441427,4,5,0.7972534122179977,2,1,5,0.8863884700054314,2,0,5,3,3,1,2,2,1,1,2,1,3,3,4,1,3,0.8940895294441427,3,3,0.754059177215282,2,4,3,2,0.7531942350027158,2,2,3,2,4,0,2,300,1,4,4,3,4
1.74,3,1,0.8309376247922069,2,2,1,0.9636081927851224,1,0,1,2,1,5,3,3,2,3,4,2,3,1,2,3,3,0.8107953184085015,3,3,0.8892046815914986,2,1,2,2,0.9248011703978748,4,2,2,1,4,0,3,200,1,2,2,4,1
2.249049407013024,3,2,0.9331287408534218,5,2,5,0.809049407013024,1,1,2,3,2,5,4,2,2,2,3,1,3,3,4,1,3,0.6203368155472412,4,4,0.8878218521335544,2,4,4,3,0.7562574817068435,3,2,3,2,3,1,4,300,1,3,3,3,3
2.6174684232386025,4,5,0.7524927130550622,2,2,3,0.8125218608348136,2,0,5,3,2,2,2,2,2,2,4,3,5,3,4,3,2,0.7674781391651865,3,4,0.9224927130550622,3,2,3,3,0.9424538493487268,3,3,2,2,3,0,4,300,1,4,3,3,4
1.6904149331176732,5,1,0.7039381331764897,3,2,1,0.835077333529388,0,0,3,2,4,2,3,5,3,2,3,2,1,2,1,3,2,0.8513994664117956,3,4,0.812538666764694,2,4,2,2,0.7647679994118362,3,2,4,3,4,0,5,300,1,2,2,2,1
2.8786272660860117,2,3,0.6914595922700062,2,5,2,0.7470808154599875,1,0,5,2,5,1,4,2,2,4,5,3,5,3,4,2,5,0.6185404077299937,4,5,0.9928540407729992,3,4,3,2,0.6986706952640199,2,3,4,2,5,0,3,300,1,4,4,2,5
3.8222335540420143,5,3,0.82,1,3,1,0.9762138163702412,0,1,2,4,4,2,2,4,3,2,4,2,3,3,2,3,4,0.9022335540420144,2,2,0.7481546033549218,3,2,2,1,0.9273782885610496,5,1,3,1,4,0,4,300,1,4,2,1,3
1.8155986779389188,5,1,0.879595372786216,1,2,1,0.9440132206108114,2,0,2,4,2,2,3,4,2,3,4,2,3,2,3,3,4,0.9692072713359464,2,4,0.8656152037024332,2,2,3,2,0.6911973558778377,4,2,3,1,4,0,1,300,2,3,4,2,2
2.186389222453056,4,3,0.9454865280663194,5,2,2,0.7477432640331597,1,2,2,3,2,2,2,2,2,3,4,3,4,3,1,1,1,0.7286459584198958,3,3,0.9272919168397916,1,2,2,3,0.7994782910607292,1,2,3,2,2,0,2,300,2,2,4,3,3
2.81,4,3,0.5526210308330424,1,3,1,0.7202837091599733,1,0,3,3,5,3,5,2,3,5,4,4,4,3,5,2,5,0.6952420616660846,3,5,0.89,5,3,3,3,0.7004841233321693,3,5,4,2,5,0,3,200,1,4,5,3,4
2.64543540525114,3,5,0.8176095673515961,2,1,5,0.8602162705479479,2,0,5,3,2,1,3,2,1,1,2,1,3,3,4,1,3,0.895543540525114,3,3,0.7875014320776221,3,4,4,2,0.7401081352739739,2,2,4,1,4,0,2,300,1,4,4,3,4
1.728461356709214,5,1,0.8832967552259389,3,3,1,0.9417581119351528,0,0,2,2,2,4,3,4,3,2,3,3,3,2,2,2,2,0.895164601483275,3,3,0.9571795477635954,2,2,3,2,0.6838827925376565,2,2,4,1,4,0,5,300,2,2,5,2,2
2.553215997502888,3,1,0.9006279956300547,3,2,4,0.7303520074913349,0,0,2,2,3,2,4,2,2,2,3,2,2,4,2,2,4,0.7883920012485558,4,5,0.7976879862658862,2,1,5,2,0.9664319950057768,2,2,1,1,4,0,2,300,1,4,3,4,2
3.105317661469838,3,3,0.7697277187401389,3,2,3,0.7601815208399074,0,1,4,1,2,2,3,3,2,5,3,2,4,1,4,2,4,0.8181580130446644,5,5,0.6147730989501157,2,1,5,3,0.7850453802099768,4,2,4,1,2,0,3,200,1,3,3,4,2
3.3501638249888237,5,2,0.8877986339325631,1,3,3,0.7544027321348739,4,0,2,3,4,2,5,2,3,5,3,1,3,3,3,3,2,0.7093208196404621,2,5,0.8255972678651262,3,2,2,2,0.7611945357302523,3,1,4,1,4,0,3,300,1,1,2,2,2
1.6,5,1,0.8442153889535631,3,3,1,0.7287446223257009,0,0,2,2,2,4,3,1,3,3,2,4,3,2,2,1,2,0.8133630721510806,3,3,0.8484307779071262,2,2,3,2,0.5839015445349883,2,2,3,1,4,0,5,300,1,2,5,2,2
2.774962278979585,3,5,0.9388485209096196,2,4,1,0.9989924557959172,0,0,3,2,1,2,3,3,4,5,1,3,4,4,3,1,2,0.6817272186355707,3,1,1.0,3,2,3,2,0.9310075442040828,4,2,2,0,4,0,5,300,1,4,3,3,2
2.7865178207847925,5,1,0.8841963679746542,3,2,2,0.8656247454935476,0,0,4,4,2,4,3,2,2,2,4,2,3,2,4,3,2,0.8981250848354841,3,2,0.7783927359493084,2,4,5,3,0.7958036320253459,4,3,4,3,2,1,2,300,1,2,2,3,2
2.424019656537172,5,2,0.9253997357978248,2,2,2,0.6381598943191299,2,1,2,2,2,2,2,2,2,3,2,2,4,4,5,2,2,0.5950602906223927,2,1,0.7472398414786948,3,4,2,2,0.8441402377819577,2,2,3,2,3,1,2,300,2,2,4,3,2
3.243301191049222,2,5,0.915927119768103,2,3,2,0.6875562718608618,2,0,5,4,1,3,4,4,3,2,2,1,3,3,3,1,2,0.6904072880231896,4,3,0.89,3,2,1,4,0.8944801682550867,3,3,3,1,4,1,4,300,1,4,2,3,1
2.8268736934417613,4,1,0.8041006642412107,2,2,3,0.6242184233604403,1,2,2,2,5,2,3,2,3,4,4,3,5,3,4,3,2,0.7072269707994496,3,4,0.9058993357587892,4,2,2,3,1.0,1,4,2,2,3,0,4,300,1,4,3,5,1
2.33,3,5,0.6729757993735933,3,3,4,0.89,1,0,4,2,5,2,4,5,3,3,5,2,4,3,3,1,1,0.8307315718760047,4,5,0.7148171070309988,3,5,2,2,0.6633292073442021,1,4,3,2,3,1,5,300,2,2,4,3,1
2.749483476581746,3,1,0.924132187346028,2,5,4,0.6905165234182535,2,0,5,4,3,2,2,2,5,1,2,1,3,1,4,3,4,0.9284504297452396,4,2,0.69,2,4,3,2,0.8137086914543663,2,2,3,1,4,1,2,300,1,2,2,2,1
2.71945482626329,3,1,0.9863032175088596,2,5,4,0.7097834160651001,0,0,5,4,3,2,2,2,5,1,2,2,3,1,2,3,4,0.8902165839348999,4,2,0.6880433167869799,2,4,3,2,0.8027184408846302,2,2,3,2,4,1,2,300,1,1,2,3,2
2.6079344437091088,3,5,0.9006707299906533,2,4,1,0.9655868887418216,1,0,3,2,1,2,3,3,1,3,1,2,4,4,3,1,3,0.73899390501402,3,1,1.0,3,2,3,2,0.9644131112581784,2,2,2,0,4,0,5,300,1,4,3,3,2
2.9068569760453604,3,0,0.8884486697985264,3,2,2,0.7894694354156113,0,0,5,4,2,4,4,2,2,2,4,1,4,2,4,2,2,0.6952652822921943,4,4,0.7236735885390283,3,1,3,2,0.7953056458438869,3,3,3,2,2,1,3,300,1,3,3,3,3
1.909215775610798,5,1,0.8434640373982003,1,2,3,1.0,0,0,2,2,2,3,4,2,2,2,3,2,2,3,4,1,2,0.9669280747964004,4,3,0.7315684487784037,2,2,2,2,0.6138561495928012,2,2,4,0,4,0,1,300,2,4,2,2,2
1.8583074175381011,5,3,0.952645934030481,1,2,2,0.8509533515685824,0,0,2,2,2,2,3,4,2,3,2,2,2,2,2,3,3,0.7597858793247338,2,4,0.6943385164923797,2,2,3,2,0.6520621979085568,2,2,3,1,2,0,3,200,1,4,4,2,2
2.640523342960919,3,5,0.90811962124821,2,1,1,0.972104668592184,1,0,3,3,1,2,3,3,4,5,1,2,4,4,3,1,3,0.7278205681276848,3,1,1.0,3,2,1,2,0.957895331407816,4,2,2,0,4,0,5,300,1,4,3,3,2
1.3876224852921677,1,2,0.889146982350601,2,2,1,0.8576224852921676,0,0,2,1,1,2,3,3,2,2,2,2,1,1,1,3,3,0.659146982350601,2,2,0.9577435107857438,2,1,3,2,0.8961585009805222,2,2,1,2,4,0,1,200,1,2,2,2,1
1.4179659206474995,5,1,0.9781056190520586,3,3,1,0.9317546825433822,0,0,1,2,1,4,3,3,3,3,3,3,3,1,1,2,3,0.8174378253872063,3,3,0.8717546825433822,2,3,3,2,0.7294412063817632,3,1,4,1,4,0,5,200,2,2,4,2,1
1.744077360879484,1,1,0.7486077618566884,2,2,4,0.7904530400977204,1,0,2,3,1,2,3,2,2,3,2,2,2,1,4,3,3,0.9090939198045592,2,2,0.7859226391205161,2,2,3,2,0.891845278241032,2,2,4,1,2,0,3,200,1,4,2,4,2
2.627461261462647,3,5,0.792445766047706,2,1,5,0.8925697293672352,2,0,5,3,2,1,2,2,1,1,2,1,3,3,4,1,2,0.8937461261462647,3,2,0.7461609013640884,2,4,4,2,0.7562848646836176,2,2,4,1,4,0,2,300,1,4,4,3,4
1.74,3,1,0.781155409271434,2,2,1,0.8685694177000104,0,0,1,2,1,5,3,3,2,3,4,2,3,1,2,3,3,0.8651031898857084,3,4,0.8348968101142916,2,4,2,2,0.911224202528573,4,2,2,3,4,0,3,200,2,2,2,4,1
2.449560923798788,3,2,0.8001254503432035,5,2,1,0.9698745496567964,0,0,1,3,1,3,2,3,2,2,2,2,1,3,3,1,3,0.7251568129290044,2,4,0.8403136258580088,1,1,2,3,0.7452822632722079,4,2,2,1,4,0,2,200,1,1,2,2,2
2.9230987587603208,5,1,0.845831828586102,2,2,1,0.8071755079405839,2,0,4,4,2,2,2,5,2,2,5,5,4,4,3,3,2,0.695740406352467,2,4,0.724168171413898,3,1,1,3,0.7043510158811678,3,3,4,3,2,1,4,300,1,3,3,3,2
2.4532382615961463,3,5,0.6368261273676211,4,2,1,0.6358693631618945,2,4,2,1,3,2,2,2,3,5,2,1,2,3,5,1,3,0.6970653184190527,2,3,0.6834130636838106,3,3,2,5,0.6777828915733477,1,2,1,2,2,1,2,300,2,2,2,1,3
2.503258688541629,3,1,0.8302239343751142,3,2,3,0.9062934427081428,0,2,4,2,3,2,4,4,2,2,2,2,2,4,4,1,3,0.6665173770832572,4,5,0.79,2,1,5,2,0.7753359015626714,4,2,3,1,4,1,2,300,1,3,1,4,4
2.8901203753639395,3,1,0.8492943125259956,2,4,4,0.6056454997920344,2,0,4,3,2,3,3,2,3,5,4,2,3,4,3,2,4,0.9042341248440258,3,4,0.69,2,1,2,3,0.9887090004159312,4,1,5,1,3,0,2,300,1,2,2,1,1
2.2971516144358737,3,3,0.7642419278206316,2,4,2,0.8321822649614317,1,0,1,3,3,1,3,2,4,3,1,1,4,3,4,1,3,0.8470903133847579,3,3,0.7578177350385684,3,4,2,3,0.8971516144358737,1,4,1,1,3,0,2,300,2,2,4,3,4
3.019469773789168,3,3,0.8307953393162486,3,3,1,0.7681442082620865,0,0,4,2,2,4,2,3,2,5,1,4,4,4,3,1,2,0.687613982051254,2,4,0.8944326247862594,3,1,1,2,0.993902398575427,3,2,3,3,2,0,3,200,1,3,3,3,3
2.919288779063673,1,3,0.9202930697528156,3,2,1,0.7904181511835112,1,0,3,4,2,2,4,2,2,2,3,1,2,2,3,2,2,0.7372801976853883,4,5,0.6414224418726536,3,1,2,2,0.9585775581273464,3,2,4,1,2,1,3,300,1,3,3,3,2
3.0074483506992413,3,3,0.8978851893272344,3,3,2,0.6882069072427487,1,0,3,3,5,2,3,2,3,5,3,3,4,3,5,1,2,0.8310345362137436,3,4,0.89,3,2,2,3,0.6617930927572513,2,3,2,2,5,0,3,200,1,4,3,3,3
2.52,3,2,0.9066043191326932,5,2,1,0.9266978404336532,0,0,1,3,1,3,2,3,2,2,3,2,1,3,3,1,3,0.6942452582212412,2,4,0.8878306102388994,1,1,2,3,0.7115094835575175,4,2,4,1,3,0,2,200,1,1,2,2,2
2.1864509778619565,2,2,0.9689464059034782,2,2,3,0.745064706641413,2,0,2,5,2,1,3,2,2,3,3,2,2,3,3,0,3,0.6838816992620652,1,1,0.6204620904068479,2,3,2,3,0.7737522859792392,3,2,3,2,2,0,3,300,2,3,2,3,2
2.8821644109221176,3,3,0.916493232766353,2,3,3,0.6492986465532706,2,0,4,2,1,3,3,3,3,5,2,5,2,2,4,1,2,0.8286576436884706,3,4,0.9543288218442352,2,2,3,1,0.9549698247090354,1,4,5,1,3,1,3,200,1,3,3,3,1
3.030019306282036,2,3,0.7904078179540668,3,2,3,0.697514479711527,0,0,4,1,2,2,5,3,2,5,3,2,4,1,4,2,4,0.8945825289049152,3,5,0.6358252890491516,2,1,5,3,0.8862331070032186,4,2,4,1,2,0,3,200,1,3,3,2,2
2.543631496320522,3,5,0.8690876642136813,2,2,5,0.8499821531752472,1,0,2,1,3,4,2,2,2,1,2,2,3,3,3,1,3,0.7545616789315935,4,1,0.774508138457335,1,4,3,2,0.92,2,2,3,2,4,0,4,300,1,2,2,3,2
2.373512111473409,3,2,0.9217560557367044,2,4,3,0.7017070382446949,2,0,2,3,3,5,3,2,4,3,2,3,4,3,2,4,4,0.6964388710345821,2,3,0.697658592351061,5,4,2,3,0.8894146480877653,2,1,2,2,3,0,2,300,2,3,4,3,2
2.842084604329884,3,1,0.7544410551203097,2,2,3,1.0,2,0,1,3,2,3,2,2,2,2,3,3,5,3,3,1,2,0.914555894487969,2,2,0.9447492374020696,4,2,2,3,0.8780302350377754,2,3,2,2,3,0,4,300,1,4,2,2,1
2.80358330266163,2,3,0.8841785845735871,3,2,3,0.8857309620206306,0,0,4,1,2,2,5,3,2,5,3,2,4,4,4,2,4,0.89,3,5,0.7822381127647828,2,1,5,3,0.79,4,2,4,1,2,0,3,200,1,3,3,4,2
2.9113579229652724,3,3,0.9567490898738488,3,3,1,0.670411429384833,2,0,4,2,2,4,4,3,2,3,1,4,4,4,3,1,3,0.8801236348107734,2,4,0.9814815577760456,3,1,2,2,0.9366254550630756,3,2,3,3,2,0,3,200,1,3,3,3,4
2.81,4,3,0.6165689858283608,3,3,2,0.6952424042620734,1,0,3,3,5,2,3,2,3,5,3,3,4,3,5,1,2,0.6919579113478929,3,4,0.89,3,2,2,3,0.7095791134789297,2,4,2,2,5,0,3,200,1,4,3,3,3
2.5215020032713014,5,2,0.774046900798712,5,5,1,0.378148715481341,2,0,3,5,5,2,5,5,5,5,2,4,4,5,5,2,5,0.7472255479649934,2,5,0.703872260175033,3,2,5,5,0.7486127739824967,5,5,5,2,5,1,2,200,1,5,2,4,5
